Sample.Name,Mineralogy,Material,N,D47,D47error,Temperature,TempError,Temperature_original,TempError_original
70CCalcite3-30-2011,A,1,1,0.5956,0.008,8.492430347,0.049281372,70,1
25CCalcite1-12-2011,C,1,1,0.6979,0.011,11.24942624,0.075083563,25,1
25CCalcite1-12-2011,C,1,1,0.6846,0.01,11.24942624,0.075083563,25,1
25CCalcite1-21-2011,C,1,1,0.6819,0.008,11.24942624,0.075083563,25,1
70CCalcite3-30-2011,A,1,1,0.6039,0.008,8.492430347,0.049281372,70,1
70CCalcite3-30-11,A,1,1,0.5552,0.008,8.492430347,0.049281372,70,1
5CAragonite,A,1,1,0.7669,0.009,12.92533689,0.092439088,5,1
25CAragonite10-17-2013,A,1,1,0.6855,0.009,11.24942624,0.075083563,25,1
70CCalcite10-10-2013,C,1,1,0.592,0.008,8.492430347,0.049281372,70,1
70CAragonite3-30-2011,A,1,1,0.5589,0.01,8.492430347,0.049281372,70,1
5CAragonite11-19-2013,A,1,1,0.7273,0.009,12.92533689,0.092439088,5,1
25CAragonite10-17-2013,A,1,1,0.6501,0.009,11.24942624,0.075083563,25,1
70CCalcite10-10-2013,C,1,1,0.5964,0.009,8.492430347,0.049281372,70,1
5CAragonite11-19-2013,A,1,1,0.7019,0.009,12.92533689,0.092439088,5,1
25CAragonite10-17-2013,A,1,1,0.6927,0.01,11.24942624,0.075083563,25,1
70CCalcite10-10-2013,C,1,1,0.5793,0.009,8.492430347,0.049281372,70,1
25CCalcite1-12-2011,C,1,1,0.6377,0.01,11.24942624,0.075083563,25,1
5CAragonite11-19-2013,A,1,1,0.7167,0.01,12.92533689,0.092439088,5,1
25CAragonite10-17-2013,A,1,1,0.6708,0.008,11.24942624,0.075083563,25,1
70Ccalcite10-10-2013,C,1,1,0.5713,0.009,8.492430347,0.049281372,70,1
5CCalcite1-12-2012,C,1,1,0.7157,0.01,12.92533689,0.092439088,5,1
5CCalcite1-11-2012,C,1,1,0.7269,0.011,12.92533689,0.092439088,5,1
5Ccalcite1-11-2012,C,1,1,0.7291,0.009,12.92533689,0.092439088,5,1
5Ccalcite1-11-2012,C,1,1,0.7259,0.01,12.92533689,0.092439088,5,1
50CAragonite3-14-2014,A,1,1,0.6109,0.01,9.576166301,0.058993646,50,1
50CAragonite3-14-2014,A,1,1,0.5968,0.009,9.576166301,0.058993646,50,1
50CAragonite3-14-2014,A,1,1,0.6241,0.009,9.576166301,0.058993646,50,1
50CAragonite3-14-2014,A,1,1,0.6083,0.01,9.576166301,0.058993646,50,1
50CArag3-14-2014,A,1,1,0.5861,0.01,9.576166301,0.058993646,50,1
50CCalcite3-24-2014,C,1,1,0.6086,0.01,9.576166301,0.058993646,50,1
50CCalcite3-24-2014,C,1,1,0.5931,0.009,9.576166301,0.058993646,50,1
50CCalcite3-24-2014,C,1,1,0.5699,0.01,9.576166301,0.058993646,50,1
50CCalcite3-24-2014,C,1,1,0.5933,0.009,9.576166301,0.058993646,50,1
AC30dolo,D,1,1,0.6565,0.011,11.10000833,0.360775664,27,5
AC30dolo,D,1,1,0.6612,0.009,11.10000833,0.360775664,27,5
AC30dolo,D,1,1,0.7336,0.008,11.10000833,0.360775664,27,5
AC30dolo,D,1,1,0.6513,0.01,11.10000833,0.360775664,27,5
250-I-7-d-1,D,1,1,0.4038,0.01,3.653823298,0.027777706,250,2
250-I-7-d-2,D,1,1,0.4013,0.009,3.653823298,0.027777706,250,2
O-T-5-d-1,D,1,1,0.4053,0.011,4.145450209,0.033556071,218,2
200-p-30-d-1,D,1,1,0.4201,0.009,4.466859692,0.037524645,200,2
250-I-7-d-3,D,1,1,0.3873,0.01,3.653823298,0.027777706,250,2
O-T-5-d-2,D,1,1,0.3757,0.012,4.145450209,0.033556071,218,2
200-p-30-D-2,D,1,1,0.4292,0.011,4.466859692,0.037524645,200,2
250-I-7-d-4,D,1,1,0.4052,0.011,3.653823298,0.027777706,250,2
O-T-5-d-3,D,1,1,0.3938,0.009,4.145450209,0.033556071,218,2
200-p-30-d-3,D,1,1,0.4313,0.012,4.466859692,0.037524645,200,2
IODP-d-2,D,1,1,0.6892,0.01,11.55745722,0.818224555,21,11
200-P-30-d-4,D,1,1,0.4278,0.012,4.466859692,0.037524645,200,2
O-T-5-d-4,D,1,1,0.4139,0.01,4.145450209,0.033556071,218,2
IODP-d-4,D,1,1,0.7043,0.01,11.55745722,0.818224555,21,11
IODP-d-3,D,1,1,0.6926,0.011,11.55745722,0.818224555,21,11
Barb1pt10-1,D,1,1,0.6932,0.012,11.02641325,0.357222679,28,5
MIZd-1,D,1,1,0.5662,0.01,8.492430347,0.474143682,70,10
Barb110-2,D,1,1,0.7128,0.011,11.02641325,0.357222679,28,5
235-O-12-1,D,1,1,0.3683,0.011,3.872720373,0.030305824,235,2
O-H-2-1,D,1,1,0.3948,0.009,4.145450209,0.033556071,218,2
235-O-12-2,D,1,1,0.386,0.01,3.872720373,0.030305824,235,2
235-O-12-3,D,1,1,0.4333,0.011,3.872720373,0.030305824,235,2
MIZd-2,D,1,1,0.5528,0.01,8.492430347,0.474143682,70,10
Barb110-3,D,1,1,0.7153,0.011,11.02641325,0.357222679,28,5
O-H-2-2,D,1,1,0.4013,0.012,4.145450209,0.033556071,218,2
O-T-5-1,D,1,1,0.3798,0.011,4.145450209,0.033556071,218,2
O-T-5-2,D,1,1,0.3827,0.011,4.145450209,0.033556071,218,2
235-O-12-4,D,1,1,0.35,0.011,3.872720373,0.030305824,235,2
MIZd-3,D,1,1,0.5819,0.011,8.492430347,0.474143682,70,10
O-H-2-3,D,1,1,0.4568,0.01,4.145450209,0.033556071,218,2
BarbDolo110-4,D,1,1,0.7056,0.01,11.02641325,0.357222679,28,5
O-H-2-4,D,1,1,0.428,0.01,4.145450209,0.033556071,218,2
235-O-12-5,D,1,1,0.4255,0.011,3.872720373,0.030305824,235,2
4-50C-NoSalt,mix,1,1,0.6074,NA,9.599917441,0.029675152,49.6,0.5
NA2-25C-Salt,mix,1,1,0.7088,NA,11.19678863,0.037372433,25.7,0.5
2-25C-NoSalt,C,1,1,0.7129,NA,11.19678863,0.037372433,25.7,0.5
NA5-50C-Salt,V,1,1,0.6084,NA,9.599917441,0.029675152,49.6,0.5
6-70C-NoSalt,mix,1,1,0.5538,NA,8.497382201,0.024716049,69.9,0.5
9-90C-NoSalt,C,1,1,0.5714,NA,7.541181118,0.020666423,91,0.5
NA9-90C-Salt,V,1,1,0.5802,NA,7.541181118,0.020666423,91,0.5
NA7-70C-Salt,V,1,1,0.5811,NA,8.497382201,0.024716049,69.9,0.5
6-70C-NoSalt,mix,1,1,0.6167,NA,8.497382201,0.024716049,69.9,0.5
2-25C-NoSalt,C,1,1,0.6766,NA,11.19678863,0.037372433,25.7,0.5
NA2-25C-Salt,mix,1,1,0.6779,NA,11.19678863,0.037372433,25.7,0.5
4-50C-NoSalt,mix,1,1,0.6458,NA,9.599917441,0.029675152,49.6,0.5
NA5-50C-Salt,V,1,1,0.6151,NA,9.599917441,0.029675152,49.6,0.5
8-80C-NoSalt,C,1,1,0.5351,NA,8.022829603,0.022676161,79.9,0.5
NA8-80C-Salt,mix,1,1,0.5314,NA,8.022829603,0.022676161,79.9,0.5
1-23C-NoSalt,C,1,1,0.6932,NA,11.3634785,0.038209383,23.5,0.5
NA1-23C-Salt,V,1,1,0.6899,NA,11.3634785,0.038209383,23.5,0.5
7-70C-NoSalt,C,1,1,0.5839,NA,8.497382201,0.024716049,69.9,0.5
NA7-70C-Salt,V,1,1,0.5873,NA,8.497382201,0.024716049,69.9,0.5
NA9-90C-Salt,V,1,1,0.5516,NA,7.541181118,0.020666423,91,0.5
9-90C-NoSalt,C,1,1,0.5379,NA,7.541181118,0.020666423,91,0.5
8-80C-NoSalt,C,1,1,0.5996,NA,8.022829603,0.022676161,79.9,0.5
NA8-80C-Salt,mix,1,1,0.5906,NA,8.022829603,0.022676161,79.9,0.5
1-23C-NoSalt,C,1,1,0.6962,NA,11.3634785,0.038209383,23.5,0.5
NA1-23C-Salt,V,1,1,0.6991,NA,11.3634785,0.038209383,23.5,0.5
NA7-70C-Salt,V,1,1,0.5956,NA,8.497382201,0.024716049,69.9,0.5
7-70C-NoSalt,C,1,1,0.5921,NA,8.497382201,0.024716049,69.9,0.5
9-90C-NoSalt,C,1,1,0.5219,NA,7.541181118,0.020666423,91,0.5
2-25C-NoSalt,C,1,1,0.7,NA,11.19678863,0.037372433,25.7,0.5
NA2-25C-Salt,mix,1,1,0.7056,NA,11.19678863,0.037372433,25.7,0.5
8-80C-NoSalt,C,1,1,0.5248,NA,8.022829603,0.022676161,79.9,0.5
NA8-80C-Salt,mix,1,1,0.5578,NA,8.022829603,0.022676161,79.9,0.5
7-70C-NoSalt,C,1,1,0.5684,NA,8.497382201,0.024716049,69.9,0.5
1-23C-NoSalt,C,1,1,0.7037,NA,11.3634785,0.038209383,23.5,0.5
NA1-23C-Salt,V,1,1,0.6983,NA,11.3634785,0.038209383,23.5,0.5
8-80C-NoSalt,C,1,1,0.5972,NA,8.022829603,0.022676161,79.9,0.5
R125C,C,1,1,0.701,NA,11.24942624,0.149417916,25,2
8-80C-NoSalt,C,1,1,0.538,NA,8.022829603,0.022676161,79.9,0.5
R125C,C,1,1,0.6845,NA,11.24942624,0.149417916,25,2
R380C,C,1,1,0.5666,NA,8.018286665,0.09005445,80,2
R250C,C,1,1,0.5953,NA,9.576166301,0.117443823,50,2
R6150C,C,1,1,0.4455,NA,5.584847382,0.052421133,150,2
R8200C,C,1,1,0.4547,NA,4.466859692,0.037524645,200,2
R4100C,C,1,1,0.5485,NA,7.181796716,0.076371083,100,2
8-80C-NoSalt,C,1,1,0.5535,NA,8.022829603,0.022676161,79.9,0.5
5-50C-NoSalt,C,1,1,0.6353,NA,9.599917441,0.029675152,49.6,0.5
NA6-50C-Salt,V,1,1,0.6317,NA,9.599917441,0.029675152,49.6,0.5
R5125C,C,1,1,0.4595,NA,6.308216062,0.062900926,125,2
Na4-37C-Salt,V,1,1,0.5582,NA,10.36232679,0.033276558,37.5,0.5
3-37C-NoSalt,C,1,1,0.5854,NA,10.36232679,0.033276558,37.5,0.5
5-50C-NoSalt,C,1,1,0.4998,NA,9.599917441,0.029675152,49.6,0.5
NA6-50C-Salt,V,1,1,0.5179,NA,9.599917441,0.029675152,49.6,0.5
R10250C,C,1,1,0.3195,NA,3.653823298,0.027777706,250,2
10-90C-NoSalt,A,1,1,0.5457,NA,7.541181118,0.020666423,91,0.5
R8200C,C,1,1,0.4387,NA,4.466859692,0.037524645,200,2
NA9-90C-Salt,V,1,1,0.5365,NA,7.541181118,0.020666423,91,0.5
R4100C,C,1,1,0.5647,NA,7.181796716,0.076371083,100,2
R10250C,C,1,1,0.3548,NA,3.653823298,0.027777706,250,2
3-37C-NoSalt,C,1,1,0.6198,NA,10.36232679,0.033276558,37.5,0.5
Na4-37C-Salt,V,1,1,0.6191,NA,10.36232679,0.033276558,37.5,0.5
R250C,C,1,1,0.6055,NA,9.576166301,0.117443823,50,2
R9225C,C,1,1,0.4052,NA,4.029765094,0.032164015,225,2
10-90C-NoSalt,A,1,1,0.4946,NA,7.541181118,0.020666423,91,0.5
R7175C,C,1,1,0.4799,NA,4.97912694,0.04414587,175,2
R380C,C,1,1,0.5383,NA,8.018286665,0.09005445,80,2
5-50C-NoSalt,C,1,1,0.6093,NA,9.599917441,0.029675152,49.6,0.5
NA6-50C-Salt,V,1,1,0.6062,NA,9.599917441,0.029675152,49.6,0.5
R5125C,C,1,1,0.4999,NA,6.308216062,0.062900926,125,2
R7175C,C,1,1,0.4246,NA,4.97912694,0.04414587,175,2
R9225C,C,1,1,0.3679,NA,4.029765094,0.032164015,225,2
R6150C,C,1,1,0.4549,NA,5.584847382,0.052421133,150,2
NA9-90C-Salt,V,1,1,0.4936,NA,7.541181118,0.020666423,91,0.5
R250C,C,1,1,0.6499,NA,9.576166301,0.117443823,50,2
R380C,C,1,1,0.6025,NA,8.018286665,0.09005445,80,2
R4100C,C,1,1,0.5441,NA,7.181796716,0.076371083,100,2
R5125C,C,1,1,0.505,NA,6.308216062,0.062900926,125,2
R6150C,C,1,1,0.4665,NA,5.584847382,0.052421133,150,2
R7175C,C,1,1,0.4463,NA,4.97912694,0.04414587,175,2
R8200C,C,1,1,0.4135,NA,4.466859692,0.037524645,200,2
R9225C,C,1,1,0.4203,NA,4.029765094,0.032164015,225,2
R10250C,C,1,1,0.4271,NA,3.653823298,0.027777706,250,2
R6150C,C,1,1,0.4849,NA,5.584847382,0.052421133,150,2
R380C,C,1,1,0.5865,NA,8.018286665,0.09005445,80,2
R4100C,C,1,1,0.5769,NA,7.181796716,0.076371083,100,2
R250C,C,1,1,0.6524,NA,9.576166301,0.117443823,50,2
R7175C,C,1,1,0.4617,NA,4.97912694,0.04414587,175,2
R5125C,C,1,1,0.546,NA,6.308216062,0.062900926,125,2
R8200C,C,1,1,0.4491,NA,4.466859692,0.037524645,200,2
R125C,C,1,1,0.7453,NA,11.24942624,0.149417916,25,2
R9225C,C,1,1,0.4323,NA,4.029765094,0.032164015,225,2
R8200C,C,1,1,0.4343,NA,4.466859692,0.037524645,200,2
R250C,C,1,1,0.6458,NA,9.576166301,0.117443823,50,2
R5125C,C,1,1,0.4808,NA,6.308216062,0.062900926,125,2
R6150C,C,1,1,0.4887,NA,5.584847382,0.052421133,150,2
R10250C,C,1,1,0.4119,NA,3.653823298,0.027777706,250,2
R380C,C,1,1,0.5937,NA,8.018286665,0.09005445,80,2
R9225C,C,1,1,0.4111,NA,4.029765094,0.032164015,225,2
R125C,C,1,1,0.7098,NA,11.24942624,0.149417916,25,2
R4100C,C,1,1,0.5364,NA,7.181796716,0.076371083,100,2
R7175C,C,1,1,0.457,NA,4.97912694,0.04414587,175,2
Mg-1,M,1,1,0.5619,NA,8.022829603,0.004542939,79.9,0.1
DPT12-10-salt,M,1,1,0.6853,NA,12.35913636,0.008685268,11.3,0.1
DTP10-12-crust,M,1,1,0.7621,NA,12.35913636,0.008685268,11.3,0.1
DTP10-12-crust,M,1,1,0.7524,NA,12.35913636,0.008685268,11.3,0.1
209,M,1,1,0.615,NA,9.009908173,0.005406485,60,0.1
209,M,1,1,0.6322,NA,9.009908173,0.005406485,60,0.1
Mg-1,M,1,1,0.5549,NA,8.022829603,0.004542939,79.9,0.1
Mg-3,M,1,1,0.5619,NA,8.022829603,0.004542939,79.9,0.1
Mg-3,M,1,1,0.5567,NA,8.022829603,0.004542939,79.9,0.1
Mg-3,M,1,1,0.5588,NA,8.022829603,0.004542939,79.9,0.1
DPT12-10-salt,M,1,1,0.673,NA,12.35913636,0.008685268,11.3,0.1
140516_2_UWcp14_50C_1,C,1,1,0.6554,NA,9.75647616,0.021904832,47,0.36
140516_7_UWcp14_50C_1,C,1,1,0.6584,NA,9.75647616,0.021904832,47,0.36
140521_5_UWcp14_50C_1,C,1,1,0.6553,NA,9.75647616,0.021904832,47,0.36
140522_2_UWcp14_80C_1,C,1,1,0.5629,NA,8.156272717,0.016745601,77,0.36
140522_3_UWcp14_21C_1,C,1,1,0.7194,NA,11.47927407,0.017093813,22,0.22
140522_4_UWcp14_80C_1,C,1,1,0.566,NA,8.156272717,0.016745601,77,0.36
140522_5_UWcp14_21C_1,C,1,1,0.6714,NA,11.47927407,0.017093813,22,0.22
140527_3_UWcp14_21C_1,C,1,1,0.7016,NA,11.47927407,0.017093813,22,0.22
140527_4_UWcp14_50C_2,C,1,1,0.6358,NA,9.517172655,0.021104322,51,0.36
140527_5_UWcp14_50C_2,C,1,1,0.6515,NA,9.517172655,0.021104322,51,0.36
140530_1_UWcp14_80C_1,C,1,1,0.5808,NA,8.156272717,0.016745601,77,0.36
140530_6_UWcp14_50C_2,C,1,1,0.5996,NA,9.517172655,0.021104322,51,0.36
140602_1_UWcp14_50C_2,C,1,1,0.6153,NA,9.517172655,0.021104322,51,0.36
140603_8_UWcp14_50C_CA_3,unkn,1,1,0.5912,NA,9.230224861,0.035232502,56,0.63
140603_9_UWcp14_50C_CA_3,unkn,1,1,0.6,NA,9.230224861,0.035232502,56,0.63
140603_10_UWcp14_50C_CA_3,unkn,1,1,0.6604,NA,9.230224861,0.035232502,56,0.63
140606_1_UWcp14_70C_CA_1,A,1,1,0.5468,NA,8.297851547,0.045229545,74,0.95
140606_3_UWcp14_70C_CA_1,A,1,1,0.5691,NA,8.297851547,0.045229545,74,0.95
140606_5_UWcp14_70C_CA_1,A,1,1,0.6039,NA,8.297851547,0.045229545,74,0.95
140625_1_UWcp14_24C_CA_1,C,1,1,0.6998,NA,11.32526912,0.057710218,24,0.76
140701_1_UWcp14_24C_CA_1,C,1,1,0.6914,NA,11.32526912,0.057710218,24,0.76
140701_5_UWcp14_24C_CA_1,C,1,1,0.6717,NA,11.32526912,0.057710218,24,0.76
140721_7_UWcp14_80C_2,C,1,1,0.5866,NA,8.109884228,0.058802037,78,1.28
140721_8_UWcp14_80C_2,C,1,1,0.5479,NA,8.109884228,0.058802037,78,1.28
140721_9_UWcp14_80C_2,C,1,1,0.5628,NA,8.109884228,0.058802037,78,1.28
140723_7_UWcp14_40C_1,C,1,1,0.6329,NA,10.00492017,0.091770474,43,1.46
140723_8_UWcp14_40C_1,C,1,1,0.6524,NA,10.00492017,0.091770474,43,1.46
140723_9_UWcp14_40C_1,C,1,1,0.611,NA,10.00492017,0.091770474,43,1.46
140725_1_UWcp14_70C_2,A,1,1,0.6374,NA,8.443148975,0.022036775,71,0.45
140725_2_UWcp14_70C_2,A,1,1,0.6013,NA,8.443148975,0.022036775,71,0.45
140725_3_UWcp14_70C_2,A,1,1,0.6047,NA,8.443148975,0.022036775,71,0.45
140727_1_UWcp14_50C_3,C,1,1,0.6388,NA,9.635710173,0.007174543,49,0.12
140727_2_UWcp14_50C_3,C,1,1,0.6839,NA,9.635710173,0.007174543,49,0.12
140727_3_UWcp14_50C_3,C,1,1,0.6245,NA,9.635710173,0.007174543,49,0.12
140802_1_UWcp14_70C_4,C,1,1,0.5843,NA,8.394295329,0.020876795,72,0.43
140802_3_UWcp14_20C_4,unkn,1,1,0.6594,NA,11.40188158,0.025367829,23,0.33
140804_3_UWcp14_20C_9,C,1,1,0.7358,NA,11.40188158,0.025367829,23,0.33
140804_4_UWcp14_20C_4,unkn,1,1,0.7549,NA,11.40188158,0.025367829,23,0.33
140804_5_UWcp14_20C_CA_5,unkn,1,1,0.7164,NA,11.40188158,0.025367829,23,0.33
140804_7_UWcp14_70C_4,C,1,1,0.5967,NA,8.394295329,0.020876795,72,0.43
140804_8_UWcp14_20C_9,C,1,1,0.7,NA,11.40188158,0.025367829,23,0.33
140804_9_UWcp14_20C_4,unkn,1,1,0.6932,NA,11.40188158,0.025367829,23,0.33
140804_10_UWcp14_20C_CA_5,unkn,1,1,0.7191,NA,11.40188158,0.025367829,23,0.33
140805_12_UWcp14_70C_CA_5,C,1,1,0.5751,NA,8.492430347,0.049281372,70,1
140805_14_UWcp14_50C_5,C,1,1,0.6249,NA,9.695811136,0.046327323,48,0.77
140806_12_UWcp14_50C_4,unkn,1,1,0.646,NA,9.75647616,0.079958366,47,1.32
140806_13_UWcp14_70C_CA_5,C,1,1,0.557,NA,8.492430347,0.049281372,70,1
140807_11_UWcp14_20C_10,C,1,1,0.6902,NA,11.32526912,0.032706145,24,0.43
140807_12_UWcp14_20C_10,C,1,1,0.6862,NA,11.32526912,0.032706145,24,0.43
140807_13_UWcp14_20C_10,C,1,1,0.7003,NA,11.32526912,0.032706145,24,0.43
140807_15_UWcp14_50C_5,C,1,1,0.6449,NA,9.695811136,0.046327323,48,0.77
140809_3_UWcp14_50C_4,unkn,1,1,0.6259,NA,9.75647616,0.079958366,47,1.32
140809_5_UWcp14_CA_70C_CA_5,C,1,1,0.5829,NA,8.492430347,0.049281372,70,1
140811_7_UWcp14_70C_4,C,1,1,0.5692,NA,8.394295329,0.020876795,72,0.43
140813_1_UWcp14_60C_1,A,1,1,0.5864,NA,8.95606154,0.045922968,61,0.86
140813_2_UWcp14_60C_1,A,1,1,0.5669,NA,8.95606154,0.045922968,61,0.86
140813_4_UWcp14_60C_1,A,1,1,0.619,NA,8.95606154,0.045922968,61,0.86
140813_6_UWcp14_20C_CA_11,C,1,1,0.7296,NA,11.40188158,0.026135229,23,0.34
140813_7_UWcp14_20C_CA_11,C,1,1,0.7023,NA,11.40188158,0.026135229,23,0.34
140813_8_UWcp14_20C_CA_11,C,1,1,0.7301,NA,11.40188158,0.026135229,23,0.34
140813_9_UWcp14_50C_4,unkn,1,1,0.677,NA,9.75647616,0.079958366,47,1.32
140813_10_UWcp14_20C_9,C,1,1,0.6763,NA,11.40188158,0.025367829,23,0.33
140814_1_UWcp14_60C_2,C,1,1,0.5932,NA,8.693934366,0.11723222,66,2.31
140814_2_UWcp14_60C_2,C,1,1,0.6305,NA,8.693934366,0.11723222,66,2.31
140814_3_UWcp14_60C_2,C,1,1,0.6422,NA,8.693934366,0.11723222,66,2.31
140814_4_UWcp14_35C_1,unkn,1,1,0.698,NA,10.53114654,0.048361846,35,0.71
140815_1_UWcp14_35C_1,unkn,1,1,0.6812,NA,10.53114654,0.048361846,35,0.71
140815_2_UWcp14_35C_1,unkn,1,1,0.6765,NA,10.53114654,0.048361846,35,0.71
140815_3_UWcp14_20C_4,unkn,1,1,0.704,NA,11.40188158,0.025367829,23,0.33
140815_5_UWcp14_50C_5,C,1,1,0.6234,NA,9.695811136,0.046327323,48,0.77
140815_6_UWcp14_70C_4,C,1,1,0.5952,NA,8.394295329,0.020876795,72,0.43
140820_1_UWcp14_70C_CA_4,C,1,1,0.5666,NA,8.443148975,0.048853645,71,1
140820_2_UWcp14_70C_CA_4,C,1,1,0.5874,NA,8.443148975,0.048853645,71,1
140820_3_UWcp14_70C_CA_4,C,1,1,0.589,NA,8.443148975,0.048853645,71,1
140820_5_UWcp14_50C_7,C,1,1,0.6348,NA,9.343426009,0.112079342,54,1.98
140820_6_UWcp14_50C_7,C,1,1,0.6132,NA,9.343426009,0.112079342,54,1.98
140820_7_UWcp14_50C_7,C,1,1,0.6187,NA,9.343426009,0.112079342,54,1.98
140820_9_UWcp14_50C_8,unkn,1,1,0.6154,NA,9.817712326,0.020271515,46,0.33
140820_10_UWcp14_50C_8,unkn,1,1,0.6341,NA,9.817712326,0.020271515,46,0.33
140820_11_UWcp14_50C_8,unkn,1,1,0.6653,NA,9.817712326,0.020271515,46,0.33
141013_2_UWcp14_80C_3,A,1,1,0.5256,NA,8.018286665,0.028983645,80,0.64
141013_3_UWcp14_80C_3,A,1,1,0.5759,NA,8.018286665,0.028983645,80,0.64
141014_2_UWcp14_70C_DS2,A,1,1,0.5778,NA,8.394295329,0.018453264,72,0.38
141014_3_UWcp14_80C_DS,A,1,1,0.5633,NA,7.752615737,0.001726592,86,0.04
141014_5_UWcp14_80C_DS,A,1,1,0.5069,NA,7.752615737,0.001726592,86,0.04
141014_6_UWcp14_70C_DS2,A,1,1,0.5279,NA,8.394295329,0.018453264,72,0.38
141117_3_50C_CA_10,C,1,1,0.6492,NA,9.576166301,0.043707851,50,0.74
141117_4_50C_CA_10,C,1,1,0.6056,NA,9.576166301,0.043707851,50,0.74
141121_6_UWcp14_50C_CA_9,C,1,1,0.6413,NA,9.635710173,0.031627199,49,0.53
141121_7_UWcp14_50C_CA_9,C,1,1,0.6368,NA,9.635710173,0.031627199,49,0.53
141121_8_UWcp14_50C_DS2,C,1,1,0.6385,NA,9.517172655,0.017591813,51,0.3
141121_9_UWcp14_50C_DS2,C,1,1,0.6045,NA,9.517172655,0.017591813,51,0.3
141209_5_UWcp14_4C_2,C,1,1,0.7618,NA,12.8328978,0.004595899,6,0.05
141209_6_UWcp14_4C_2,C,1,1,0.7455,NA,12.8328978,0.004595899,6,0.05
141209_7_UWcp14_4C_2,C,1,1,0.7921,NA,12.8328978,0.004595899,6,0.05
141209_8_UWcp14_8C_2,C,1,1,0.7231,NA,12.56145338,0.010678102,9,0.12
141209_9_UWcp14_8C_2,C,1,1,0.7543,NA,12.56145338,0.010678102,9,0.12
141210_3_UWcp14_20C_DS,C,1,1,0.7187,NA,11.17434268,0.054337345,26,0.73
141210_4_UWcp14_20C_DS,C,1,1,0.7022,NA,11.17434268,0.054337345,26,0.73
141210_5_UWcp14_50C_DS,C,1,1,0.6271,NA,9.28656671,0.018085389,55,0.32
141210_6_UWcp14_50C_DS,C,1,1,0.6093,NA,9.28656671,0.018085389,55,0.32
141210_7_UWcp14_80C_DS,A,1,1,0.5612,NA,7.752615737,0.001726592,86,0.04
141210_8_UWcp14_70C_DS2,A,1,1,0.5671,NA,8.394295329,0.018453264,72,0.38
141210_9_UWcp14_80C_3,A,1,1,0.5442,NA,8.018286665,0.028983645,80,0.64
141212_4_UWcp14_8C_2,C,1,1,0.7947,NA,12.56145338,0.010678102,9,0.12
141212_5_UWcp14_8C_3,C,1,1,0.7588,NA,12.56145338,0.010678102,9,0.12
141212_6_UWcp14_8C_3,C,1,1,0.7179,NA,12.56145338,0.010678102,9,0.12
141212_7_UWcp14_8C_3,C,1,1,0.7612,NA,12.56145338,0.010678102,9,0.12
141212_8_UWcp14_50C_CA_10,C,1,1,0.6154,NA,9.576166301,0.043707851,50,0.74
141212_9_UWcp14_50C_CA_9,C,1,1,0.6197,NA,9.635710173,0.031627199,49,0.53
141217_3_UWcp14_50C_DS,C,1,1,0.616,NA,9.28656671,0.018085389,55,0.32
141217_4_UWcp14_50C_DS2,C,1,1,0.607,NA,9.517172655,0.017591813,51,0.3
141217_5_UWcp14_20C_DS,C,1,1,0.7343,NA,11.17434268,0.054337345,26,0.73
141218_4_UWcp14_4C_1,C,1,1,0.7529,NA,12.8328978,0.004595899,6,0.05
141218_5_UWcp14_4C_1,C,1,1,0.7478,NA,12.8328978,0.004595899,6,0.05
141218_6_UWcp14_3C_2,unkn,1,1,0.7702,NA,12.56145338,0.147388562,9,1.67
141218_7_UWcp14_3C_2,unkn,1,1,0.7586,NA,12.56145338,0.147388562,9,1.67
150112_3_80C_1,C,1,1,0.5752,NA,8.156272717,0.016745601,77,0.36
150112_4_4C_2,C,1,1,0.6686,NA,12.8328978,0.004595899,6,0.05
150112_5_4C_2,C,1,1,0.8363,NA,12.8328978,0.004595899,6,0.05
150112_8_50C_1,C,1,1,0.6074,NA,9.75647616,0.021904832,47,0.36
150113_3_21C_1,C,1,1,0.7142,NA,11.47927407,0.017093813,22,0.22
150116_4_21C_1,C,1,1,0.6864,NA,11.47927407,0.017093813,22,0.22
150116_5_21C_1,C,1,1,0.7086,NA,11.47927407,0.017093813,22,0.22
150113_6_70C_DS2,A,1,1,0.6019,NA,8.394295329,0.018453264,72,0.38
150114_2_50C_1,C,1,1,0.6103,NA,9.75647616,0.021904832,47,0.36
150114_4_20C_9,C,1,1,0.6881,NA,11.40188158,0.025367829,23,0.33
150114_5_50C_5,C,1,1,0.6215,NA,9.695811136,0.046327323,48,0.77
150114_6_70C_CA_4,C,1,1,0.5793,NA,8.443148975,0.048853645,71,1
150115_5_20C_9,C,1,1,0.657,NA,11.40188158,0.025367829,23,0.33
150115_6_20C_9,C,1,1,0.7007,NA,11.40188158,0.025367829,23,0.33
150116_2_80C_1,C,1,1,0.5466,NA,8.156272717,0.016745601,77,0.36
150116_3_80C_1,C,1,1,0.5458,NA,8.156272717,0.016745601,77,0.36
150116_6_50C_5,C,1,1,0.6419,NA,9.695811136,0.046327323,48,0.77
150116_7_50C_5,C,1,1,0.6242,NA,9.695811136,0.046327323,48,0.77
150116_8_20C_9,C,1,1,0.6962,NA,11.40188158,0.025367829,23,0.33
150122_2_4C_4,C,1,1,0.7496,NA,12.8328978,0.004595899,6,0.05
150122_3_4C_4,C,1,1,0.7152,NA,12.8328978,0.004595899,6,0.05
150122_4_4C_4,C,1,1,0.7345,NA,12.8328978,0.004595899,6,0.05
150122_5_20C_CA_13,C,1,1,0.6955,NA,11.32526912,0.078106379,24,1.03
150122_6_20C_CA_13,C,1,1,0.7177,NA,11.32526912,0.078106379,24,1.03
150122_7_4C_3,C,1,1,0.7471,NA,12.8328978,0.004595899,6,0.05
150122_8_4C_3,C,1,1,0.7417,NA,12.8328978,0.004595899,6,0.05
150122_9_4C_3,C,1,1,0.7483,NA,12.8328978,0.004595899,6,0.05
150205_6_20C_CA_13,C,1,1,0.723,NA,11.32526912,0.078106379,24,1.03
150205_8_8C_CA_4,C,1,1,0.7319,NA,12.56145338,0.010678102,9,0.12
150205_9_8C_CA_4,C,1,1,0.7444,NA,12.56145338,0.010678102,9,0.12
150212_6_8C_1,C,1,1,0.7768,NA,12.56145338,0.010678102,9,0.12
150212_7_20C_G_14,C,1,1,0.6947,NA,11.55745722,0.038409211,21,0.49
150212_8_20C_G_14,C,1,1,0.706,NA,11.55745722,0.038409211,21,0.49
150309_2_4C_5,C,1,1,0.7166,NA,12.8328978,0.004595899,6,0.05
150309_3_4C_5,C,1,1,0.764,NA,12.8328978,0.004595899,6,0.05
150309_4_8C_1,C,1,1,0.756,NA,12.56145338,0.010678102,9,0.12
150309_5_8C_1,C,1,1,0.754,NA,12.56145338,0.010678102,9,0.12
150309_6_4C_5,C,1,1,0.769,NA,12.8328978,0.004595899,6,0.05
150309_7_8C_CA_5,C,1,1,0.7538,NA,12.21272279,0.010236627,13,0.12
150309_8_8C_CA_5,C,1,1,0.772,NA,12.21272279,0.010236627,13,0.12
150309_9_8C_CA_5,C,1,1,0.7426,NA,12.21272279,0.010236627,13,0.12
150310_3_50C_1_at25,C,1,1,0.7031,NA,9.75647616,0.021904832,47,0.36
150310_4_4C_2_at25,C,1,1,0.7683,NA,12.8328978,0.004595899,6,0.05
150310_6_4C_1_at25,C,1,1,0.7578,NA,12.8328978,0.004595899,6,0.05
150310_7_70C_DS2_at25,A,1,1,0.618,NA,8.394295329,0.018453264,72,0.38
150316_4_4C_1_at25,C,1,1,0.8194,NA,12.8328978,0.004595899,6,0.05
150316_6_4C_1_at25,C,1,1,0.7776,NA,12.8328978,0.004595899,6,0.05
150410_3_20C_Z_15,C,1,1,0.7289,NA,11.63644183,0.114265561,20,1.45
150410_4_20C_Z_15,C,1,1,0.7376,NA,11.63644183,0.114265561,20,1.45
150410_5_20C_Z_15,C,1,1,0.7605,NA,11.63644183,0.114265561,20,1.45
150410_6_20C_CA_16,C,1,1,0.7345,NA,11.40188158,0.032271635,23,0.42
150410_7_20C_CA_16,C,1,1,0.7637,NA,11.40188158,0.032271635,23,0.42
150420_7_20C_Z_15,C,1,1,0.7393,NA,11.63644183,0.114265561,20,1.45
150422_7_4C_6,C,1,1,0.7738,NA,12.8328978,0.004595899,6,0.05
150422_8_4C_6,C,1,1,0.7825,NA,12.8328978,0.004595899,6,0.05
150428_7_20C_CA_16,C,1,1,0.7295,NA,11.40188158,0.032271635,23,0.42
150428_8_20C_CA_16,C,1,1,0.7635,NA,11.40188158,0.032271635,23,0.42
150601_4_20C_Z_2,C,1,1,0.6942,NA,11.47927407,0.01321221,22,0.17
150601_5_20C_Z_2,C,1,1,0.745,NA,11.47927407,0.01321221,22,0.17
150601_8_8C_6,C,1,1,0.7673,NA,12.56145338,0.013345501,9,0.15
150602_5_20C_Z_2,C,1,1,0.7203,NA,11.47927407,0.01321221,22,0.17
150602_6_8C_6,C,1,1,0.7707,NA,12.56145338,0.013345501,9,0.15
150618_4_50C_Z_1,A,1,1,0.6429,NA,9.576166301,0.049003252,50,0.83
150618_6_30C_Z_1,A,1,1,0.6591,NA,10.46312704,0.033089237,36,0.49
150618_7_4C_Z_3,C,1,1,0.768,NA,13.01877838,0.030947399,4,0.33
150715_8_30C_Z_1,A,1,1,0.6272,NA,10.46312704,0.033089237,36,0.49
150715_9_50C_Z_1,A,1,1,0.614,NA,9.576166301,0.049003252,50,0.83
150715_11_50C_Z_2,A,1,1,0.6209,NA,9.576166301,0.058993646,50,1
150716_8_50C_Z_2,A,1,1,0.6488,NA,9.576166301,0.058993646,50,1
150716_10_4C_Z_3,C,1,1,0.7771,NA,13.01877838,0.030947399,4,0.33
150716_11_4C_Z_3,C,1,1,0.7436,NA,13.01877838,0.030947399,4,0.33
150728_4_70C_DS2_at25,A,1,1,0.5862,NA,8.394295329,0.018453264,72,0.38
150728_6_70C_CA_1_at25,A,1,1,0.6098,NA,8.297851547,0.045229545,74,0.95
150728_8_70C_CA_1_at25,A,1,1,0.5988,NA,8.297851547,0.045229545,74,0.95
150801_2_70C_DS2_at25,A,1,1,0.6152,NA,8.394295329,0.018453264,72,0.38
150801_3_70C_DS2_at25,A,1,1,0.5656,NA,8.394295329,0.018453264,72,0.38
150909_3_70C_CA_1_at25,A,1,1,0.6012,NA,8.297851547,0.045229545,74,0.95
150909_5_20C_CA_13_at25,C,1,1,0.7104,NA,11.32526912,0.078106379,24,1.03
150909_6_20C_CA_13_at25,C,1,1,0.6922,NA,11.32526912,0.078106379,24,1.03
150909_8_70C_CA_4_at25,C,1,1,0.5449,NA,8.443148975,0.048853645,71,1
C20,C,1,1,0.7217,0.013,12.92533689,0.046343946,5,0.5
C20,C,1,1,0.7113,0.008,12.92533689,0.046343946,5,0.5
C20,C,1,1,0.7329,0.009,12.92533689,0.046343946,5,0.5
C26,C,1,1,0.7407,0.008,12.92533689,0.046343946,5,0.5
C18,C,1,1,0.6891,0.011,12.92533689,0.046343946,5,0.5
C27,C,1,1,0.7408,0.013,12.92533689,0.046343946,5,0.5
C27,C,1,1,0.7581,0.009,12.92533689,0.046343946,5,0.5
C27,C,1,1,0.7399,0.012,12.92533689,0.046343946,5,0.5
C50,C,1,1,0.7297,0.006,12.92533689,0.046343946,5,0.5
C50,C,1,1,0.7241,0.014,12.92533689,0.046343946,5,0.5
C50,C,1,1,0.7363,0.012,12.92533689,0.046343946,5,0.5
C48,C,1,1,0.7362,0.009,12.92533689,0.046343946,5,0.5
C48,C,1,1,0.7217,0.006,12.92533689,0.046343946,5,0.5
C48,C,1,1,0.7311,0.009,12.92533689,0.046343946,5,0.5
C19,C,1,1,0.7118,0.008,12.92533689,0.046343946,5,0.5
C19,C,1,1,0.709,0.012,12.92533689,0.046343946,5,0.5
C30,C,1,1,0.7441,0.0139,11.24942624,0.03763606,25,0.5
C30,C,1,1,0.653,0.0138,11.24942624,0.03763606,25,0.5
C30,C,1,1,0.7118,0.0139,11.24942624,0.03763606,25,0.5
C30,C,1,1,0.6922,0.0154,11.24942624,0.03763606,25,0.5
C23,C,1,1,1.0365,0.0137,12.92533689,0.046343946,5,0.5
C21,C,1,1,0.94,0.0162,12.92533689,0.046343946,5,0.5
C21,C,1,1,0.9534,0.0145,12.92533689,0.046343946,5,0.5
C21,C,1,1,0.9579,0.0118,12.92533689,0.046343946,5,0.5
C18,C,1,1,0.721,0.0118,12.92533689,0.046343946,5,0.5
C18,C,1,1,0.7721,0.013,12.92533689,0.046343946,5,0.5
C18,C,1,1,0.6928,0.0139,12.92533689,0.046343946,5,0.5
C22,C,1,1,0.7778,0.0128,12.92533689,0.046343946,5,0.5
C22,C,1,1,0.7692,0.0117,12.92533689,0.046343946,5,0.5
C27,C,1,1,0.7356,0.0141,12.92533689,0.046343946,5,0.5
C27,C,1,1,0.6986,0.0125,12.92533689,0.046343946,5,0.5
C27,C,1,1,0.7371,0.0127,12.92533689,0.046343946,5,0.5
C54,C,1,1,0.6553,0.0128,11.24942624,0.03763606,25,0.5
C54,C,1,1,0.639,0.0128,11.24942624,0.03763606,25,0.5
C54,C,1,1,0.6882,0.0148,11.24942624,0.03763606,25,0.5
C57,C,1,1,0.6441,0.0138,11.24942624,0.03763606,25,0.5
C57,C,1,1,0.6534,0.0128,11.24942624,0.03763606,25,0.5
C58,C,1,1,0.6803,0.0127,11.24942624,0.03763606,25,0.5
C29,C,1,1,0.6713,0.0146,11.24942624,0.03763606,25,0.5
C29,C,1,1,0.6615,0.0118,11.24942624,0.03763606,25,0.5
C32,C,1,1,0.693,0.013,11.24942624,0.03763606,25,0.5
C58,C,1,1,0.6857,0.0134,11.24942624,0.03763606,25,0.5
C6,C,1,1,0.6709,0.0123,10.19753414,0.032486549,40,0.5
C34,C,1,1,0.645,0.0117,11.24942624,0.03763606,25,0.5
C7,C,1,1,0.6286,0.0125,10.19753414,0.032486549,40,0.5
C15,C,1,1,0.5757,0.0115,10.19753414,0.032486549,40,0.5
C19,C,1,1,0.7044,0.0121,12.92533689,0.046343946,5,0.5
C24,C,1,1,0.7444,0.0134,12.92533689,0.046343946,5,0.5
C7,C,1,1,0.7427,0.0122,10.19753414,0.032486549,40,0.5
C50,C,1,1,0.778,0.0131,12.92533689,0.046343946,5,0.5
C45,C,1,1,0.6937,0.0145,10.19753414,0.032486549,40,0.5
C34,C,1,1,0.651,0.0276,11.24942624,0.03763606,25,0.5
C6,C,1,1,0.5762,0.0089,10.19753414,0.032486549,40,0.5
C32,C,1,1,0.6781,0.009,11.24942624,0.03763606,25,0.5
C48,C,1,1,0.7276,0.0077,12.92533689,0.046343946,5,0.5
C19,C,1,1,0.7147,0.0074,12.92533689,0.046343946,5,0.5
C45,C,1,1,0.5727,0.0084,10.19753414,0.032486549,40,0.5
C34,C,1,1,0.6658,0.008,11.24942624,0.03763606,25,0.5
C29,C,1,1,0.6495,0.0104,11.24942624,0.03763606,25,0.5
C44,C,1,1,0.6834,0.0077,10.19753414,0.032486549,40,0.5
C24,C,1,1,0.7458,0.0081,12.92533689,0.046343946,5,0.5
C12,C,1,1,0.6281,0.0077,10.19753414,0.032486549,40,0.5
C12,C,1,1,0.6336,0.0088,10.19753414,0.032486549,40,0.5
C12,C,1,1,0.5894,0.0097,10.19753414,0.032486549,40,0.5
C15,C,1,1,0.6362,0.0078,10.19753414,0.032486549,40,0.5
C58,C,1,1,0.7058,0.0077,11.24942624,0.03763606,25,0.5
C23,C,1,1,0.9035,0.0079,12.92533689,0.046343946,5,0.5
C30,C,1,1,0.604,0.0089,11.24942624,0.03763606,25,0.5
C50,C,1,1,0.7578,0.008,12.92533689,0.046343946,5,0.5
C9,C,1,1,0.6112,0.01,10.19753414,0.032486549,40,0.5
C26,C,1,1,0.7367,0.0115,12.92533689,0.046343946,5,0.5
C26,C,1,1,0.7347,0.0117,12.92533689,0.046343946,5,0.5
C26,C,1,1,0.7388,0.0269,12.92533689,0.046343946,5,0.5
SID3,S,1,1,0.6797,0.0088,10.26297619,0.065442053,39,1
SID4,S,1,1,0.6181,0.0087,9.517172655,0.058450177,51,1
SID5,S,1,1,0.7199,0.0074,11.55745722,0.078183149,21,1
SID5,S,1,1,0.6907,0.013,11.55745722,0.078183149,21,1
SID4,S,1,1,0.5664,0.0108,9.517172655,0.058450177,51,1
SID3,S,1,1,0.606,0.0107,10.26297619,0.065442053,39,1
SID5,S,1,1,0.6766,0.01,11.55745722,0.078183149,21,1
SID4,S,1,1,0.6557,0.0123,9.517172655,0.058450177,51,1
SID4,S,1,1,0.6063,0.0136,9.517172655,0.058450177,51,1
SID3,S,1,1,0.6475,0.0126,10.26297619,0.065442053,39,1
SID3,S,1,1,0.6532,0.0128,10.26297619,0.065442053,39,1
SID4,S,1,1,0.6554,0.0121,9.517172655,0.058450177,51,1
NE-CC-1-650-RDX003,C,1,1,0.2922,0.009966035,1.173425311,0.007589644,650,3
NE-CC-1-600-RDX009,C,1,1,0.3195,0.010030426,1.311663046,0.008967077,600,3
NE-CC-1-600-RDX007,C,1,1,0.3257,0.00987098,1.311663046,0.008967077,600,3
NE-CC-1-650-RDX011,C,1,1,0.2932,0.009123899,1.173425311,0.007589644,650,3
NE-CC-1-650-RDX008,C,1,1,0.294,0.0092199,1.173425311,0.007589644,650,3
NE-CC-1-700-RDX030,C,1,1,0.3014,0.009413925,1.05594288,0.006480481,700,3
NE-CC-1-600-RDX005,C,1,1,0.3124,0.01045291,1.311663046,0.008967077,600,3
NE-CC-1-560-RDX048,C,1,1,0.3137,0.009049668,1.440633809,0.010319077,560,3
NE-CC-1-700-RDX030,C,1,1,0.3024,0.00960805,1.05594288,0.006480481,700,3
NE-CC-1-560-RDX048,C,1,1,0.3055,0.009762327,1.440633809,0.010319077,560,3
NE-CC-1-560-RDX047,C,1,1,0.3128,0.00841144,1.440633809,0.010319077,560,3
NE-CC-1-800-RDX056,C,1,1,0.3029,0.008863157,0.868318672,0.004834503,800,3
NE-CC-1-800-RDX057,C,1,1,0.3078,0.008929815,0.868318672,0.004834503,800,3
MGB-CC-1-475-RDX116,C,1,1,0.3214,0.009235816,1.786580706,0.014242266,475,3
MGB-CC-1-475-RDX120,C,1,1,0.3189,0.008816342,1.786580706,0.014242266,475,3
MGB-CC-1-475-RDX117,C,1,1,0.3296,0.009430692,1.786580706,0.014242266,475,3
MD88-770_G_-bulloides,C,1,1,0.718803168,NA,13.07533048,0.056552093,3.4,0.6
MD00-2360_G_-ruber,C,1,1,0.667266876,NA,11.27209891,0.037749802,24.7,0.5
SU90-03_G_-bulloides,C,1,1,0.722191483,NA,12.25551436,0.051322984,12.5,0.6
MD95-2014_G_-bulloides,C,1,1,0.7350804,NA,12.64197531,0.044829664,8.1,0.5
MD88-770_G_-bulloides,C,1,1,0.736645587,NA,13.07533048,0.056552093,3.4,0.6
MD88-770_G_-bulloides,C,1,1,0.73849101,NA,13.07533048,0.056552093,3.4,0.6
MD00-2360_G_-ruber,C,1,1,0.660602429,NA,11.27209891,0.037749802,24.7,0.5
SU90-03_G_-bulloides,C,1,1,0.723090126,NA,12.25551436,0.051322984,12.5,0.6
MD95-2014_G_-bulloides,C,1,1,0.720059774,NA,12.64197531,0.044829664,8.1,0.5
MD88-770_G_-bulloides,C,1,1,0.760264721,NA,13.07533048,0.056552093,3.4,0.6
MD00-2360_G_-ruber,C,1,1,0.655999166,NA,11.27209891,0.037749802,24.7,0.5
MD88-770_G_-bulloides,C,1,1,0.733578795,NA,13.07533048,0.056552093,3.4,0.6
MD08-3182_N_-pachyderma-(s_),C,1,1,0.7468037,NA,12.59714564,0.062362011,8.6,0.7
MD08-3179_G_-inflata_315-355,C,1,1,0.742200313,NA,12.1956689,0.05940818,13.2,0.7
MD02-2577_G_-menardi-menardi,C,1,1,0.71240126,NA,11.77258624,0.040289451,18.3,0.5
MOCOSED_Cibicides-wuellerstorfi,C,1,1,0.794094142,NA,13.56127072,0.039864085,-1.6,0.4
MD08-3182_G_-bulloides,C,1,1,0.747236088,NA,12.62401477,0.035806441,8.3,0.4
MOCOSED_N_-pachyderma-(s_),C,1,1,0.736632977,NA,13.12273918,0.047408701,2.9,0.5
MD08-3179_G_-inflata_355-400,C,1,1,0.711562711,NA,12.08568424,0.058607319,14.5,0.7
MD12-3426_Orbulina-universa,C,1,1,0.695726362,NA,11.37881642,0.053547297,23.3,0.7
MD02-2577_Orbulina-universa,C,1,1,0.725200198,NA,11.57318968,0.054923535,20.8,0.7
MD08-3179_G_-truncatulinoides-(s_),C,1,1,0.720606563,NA,12.06051448,0.033437557,14.8,0.4
MD02-2577_G_-menardi-menardi,C,1,1,0.681634074,NA,11.77258624,0.040289451,18.3,0.5
MD12-3426_G_-menardi-menardi,C,1,1,0.717368379,NA,11.87013185,0.040790801,17.1,0.5
MD08-3179_G_-ruber,C,1,1,0.686834078,NA,11.61266164,0.039471969,20.3,0.5
MOCOSED_Cibicides-wuellerstorfi,C,1,1,0.792373864,NA,13.56127072,0.039864085,-1.6,0.4
MD08-3182_G_-bulloides,C,1,1,0.730700531,NA,12.62401477,0.035806441,8.3,0.4
MD02-2577_G_-ruber,C,1,1,0.68431777,NA,11.24188389,0.037598248,25.1,0.5
MD08-3182_G_-bulloides,C,1,1,0.739395299,NA,12.62401477,0.035806441,8.3,0.4
MD03-2680_N_-pachyderma-(d_),C,1,1,0.725609937,NA,12.57036221,0.062163476,8.9,0.7
2FPA1_Uvigerina-mediterranea,C,1,1,0.743363287,NA,12.52591259,0.026556698,9.4,0.3
MD00-2360_G_-menardi-menardi,C,1,1,0.693938628,NA,11.76451177,0.024173648,18.4,0.3
MD00-2360_G_-ruber,C,1,1,0.698251436,NA,11.27209891,0.037749802,24.7,0.5
MOCOSED_Cibicides-wuellerstorfi,C,1,1,0.768141947,NA,13.56127072,0.039864085,-1.6,0.4
MD95-2014_G_-bulloides,C,1,1,0.738716371,NA,12.64197531,0.044829664,8.1,0.5
MD08-3179_G_-inflata_315-355,C,1,1,0.725992802,NA,12.1956689,0.05940818,13.2,0.7
MD08-3179_G_-inflata_400-450,C,1,1,0.698251678,NA,12.04377829,0.058303129,15,0.7
MD08-3179_G_-truncatulinoides-(s_),C,1,1,0.716668135,NA,12.06051448,0.033437557,14.8,0.4
2FPA1_Uvigerina-mediterranea,C,1,1,0.737111859,NA,12.52591259,0.026556698,9.4,0.3
MD12-3426_G_-menardi-menardi,C,1,1,0.721012135,NA,11.87013185,0.040790801,17.1,0.5
MD00-2360_G_-menardi-menardi,C,1,1,0.678822322,NA,11.76451177,0.024173648,18.4,0.3
MD00-2360_Orbulina-universa,C,1,1,0.696379621,NA,11.37114358,0.038248017,23.4,0.5
MD08-3179_G_-truncatulinoides-(d_),C,1,1,0.717621977,NA,12.04377829,0.033368028,15,0.4
SU90-03_G_-bulloides,C,1,1,0.746252486,NA,12.25551436,0.051322984,12.5,0.6
MD04-2720_N_-pachyderma-(d_),C,1,1,0.771908895,NA,13.44220398,0.068732852,-0.4,0.7
MD95-2014_G_-bulloides,C,1,1,0.718351827,NA,12.64197531,0.044829664,8.1,0.5
MD12-3401_G_-bulloides,C,1,1,0.7572023,NA,12.86975407,0.046045595,5.6,0.5
MD08-3179_G_-inflata_250-315,C,1,1,0.700278726,NA,12.00208992,0.05800104,15.5,0.7
MD00-2360_G_-ruber,C,1,1,0.676494498,NA,11.27209891,0.037749802,24.7,0.5
MD02-2577_G_-ruber,C,1,1,0.692524821,NA,11.24188389,0.037598248,25.1,0.5
MD02-2577_G_-menardi-menardi,C,1,1,0.706434744,NA,11.77258624,0.040289451,18.3,0.5
MD00-2360_G_-menardi-menardi,C,1,1,0.690767699,NA,11.76451177,0.024173648,18.4,0.3
MD08-3179_G_-inflata_315-355,C,1,1,0.736851228,NA,12.1956689,0.05940818,13.2,0.7
SU90-03_G_-bulloides,C,1,1,0.733697738,NA,12.25551436,0.051322984,12.5,0.6
MD08-3182_G_-bulloides,C,1,1,0.742882997,NA,12.62401477,0.035806441,8.3,0.4
MOCOSED_Cibicides-wuellerstorfi,C,1,1,0.770932663,NA,13.56127072,0.039864085,-1.6,0.4
MD04-2720_N_-pachyderma-(d_),C,1,1,0.762670224,NA,13.44220398,0.068732852,-0.4,0.7
MD95-2014_G_-bulloides,C,1,1,0.743156689,NA,12.64197531,0.044829664,8.1,0.5
2FPA1_Uvigerina-mediterranea,C,1,1,0.72580471,NA,12.52591259,0.026556698,9.4,0.3
MD12-3401_G_-bulloides,C,1,1,0.768354083,NA,12.86975407,0.046045595,5.6,0.5
MD00-2360_G_-ruber,C,1,1,0.681397657,NA,11.27209891,0.037749802,24.7,0.5
MD02-2577_G_-ruber,C,1,1,0.662832476,NA,11.24188389,0.037598248,25.1,0.5
MD02-2577_G_-menardi-menardi,C,1,1,0.711480159,NA,11.77258624,0.040289451,18.3,0.5
MD00-2360_G_-menardi-menardi,C,1,1,0.689217165,NA,11.76451177,0.024173648,18.4,0.3
MD08-3179_G_-inflata_315-355,C,1,1,0.70215883,NA,12.1956689,0.05940818,13.2,0.7
SU90-03_G_-bulloides,C,1,1,0.720073822,NA,12.25551436,0.051322984,12.5,0.6
2FPA1_Uvigerina-mediterranea,C,1,1,0.72292055,NA,12.52591259,0.026556698,9.4,0.3
MD08-3182_G_-bulloides,C,1,1,0.746737498,NA,12.62401477,0.035806441,8.3,0.4
MOCOSED_Cibicides-wuellerstorfi,C,1,1,0.767008899,NA,13.56127072,0.039864085,-1.6,0.4
MD95-2014_G_-bulloides,C,1,1,0.756543399,NA,12.64197531,0.044829664,8.1,0.5
2FPA1_Uvigerina-mediterranea,C,1,1,0.739672946,NA,12.52591259,0.026556698,9.4,0.3
MD12-3401_G_-bulloides,C,1,1,0.755342208,NA,12.86975407,0.046045595,5.6,0.5
MD00-2360_G_-ruber,C,1,1,0.676080483,NA,11.27209891,0.037749802,24.7,0.5
MD02-2577_G_-ruber,C,1,1,0.687617545,NA,11.24188389,0.037598248,25.1,0.5
MD04-2720_N_-pachyderma-(d_),C,1,1,0.773199809,NA,13.44220398,0.068732852,-0.4,0.7
2FPA1_Uvigerina-mediterranea,C,1,1,0.72074966,NA,12.52591259,0.026556698,9.4,0.3
SU90-03_G_-bulloides,C,1,1,0.731409145,NA,12.25551436,0.051322984,12.5,0.6
MD02-2577_G_-menardi-menardi,C,1,1,0.707302207,NA,11.77258624,0.040289451,18.3,0.5
MD08-3182_G_-bulloides,C,1,1,0.734573292,NA,12.62401477,0.035806441,8.3,0.4
MD00-2360_G_-menardi-menardi,C,1,1,0.673834845,NA,11.76451177,0.024173648,18.4,0.3
MOCOSED_Cibicides-wuellerstorfi,C,1,1,0.752489426,NA,13.56127072,0.039864085,-1.6,0.4
MD12-3401_G_-bulloides,C,1,1,0.733370086,NA,12.86975407,0.046045595,5.6,0.5
2FPA1_Uvigerina-mediterranea,C,1,1,0.741493632,NA,12.52591259,0.026556698,9.4,0.3
MD03-2680_N_-pachyderma-(d_),C,1,1,0.741067162,NA,12.57036221,0.062163476,8.9,0.7
MD08-3182_N_-pachyderma-(s_),C,1,1,0.740764297,NA,12.59714564,0.062362011,8.6,0.7
MOCOSED_N_-pachyderma-(s_),C,1,1,0.762303494,NA,13.12273918,0.047408701,2.9,0.5
MD04-2720_N_-pachyderma-(d_),C,1,1,0.765556866,NA,13.44220398,0.068732852,-0.4,0.7
MD08-3179_G_-ruber,C,1,1,0.687722585,NA,11.61266164,0.039471969,20.3,0.5
MD08-3179_G_-truncatulinoides-(s_),C,1,1,0.725404567,NA,12.06051448,0.033437557,14.8,0.4
2FPA1_Uvigerina-mediterranea,C,1,1,0.713146368,NA,12.52591259,0.026556698,9.4,0.3
MD08-3179_G_-inflata_250-315,C,1,1,0.73225454,NA,12.00208992,0.05800104,15.5,0.7
MD00-2360_G_-menardi-menardi,C,1,1,0.703048341,NA,11.76451177,0.024173648,18.4,0.3
MD08-3182_N_-pachyderma-(s_),C,1,1,0.740076474,NA,12.59714564,0.062362011,8.6,0.7
MD08-3179_G_-truncatulinoides-(d_),C,1,1,0.696792148,NA,12.04377829,0.033368028,15,0.4
MOCOSED_N_-pachyderma-(s_),C,1,1,0.762920634,NA,13.12273918,0.047408701,2.9,0.5
MD03-2680_N_-pachyderma-(d_),C,1,1,0.752959712,NA,12.57036221,0.062163476,8.9,0.7
MD08-3182_G_-bulloides,C,1,1,0.752520527,NA,12.62401477,0.035806441,8.3,0.4
MD12-3426_G_-menardi-menardi,C,1,1,0.724136887,NA,11.87013185,0.040790801,17.1,0.5
MD08-3179_G_-ruber,C,1,1,0.732155924,NA,11.61266164,0.039471969,20.3,0.5
MD08-3179_G_-truncatulinoides-(s_),C,1,1,0.732460796,NA,12.06051448,0.033437557,14.8,0.4
MD08-3182_N_-pachyderma-(s_),C,1,1,0.730946017,NA,12.59714564,0.062362011,8.6,0.7
MD00-2360_Orbulina-universa,C,1,1,0.693589493,NA,11.37114358,0.038248017,23.4,0.5
MD08-3182_G_-bulloides,C,1,1,0.766086507,NA,12.62401477,0.035806441,8.3,0.4
MD08-3179_G_-inflata_250-315,C,1,1,0.699754868,NA,12.00208992,0.05800104,15.5,0.7
MD03-2680_N_-pachyderma-(d_),C,1,1,0.724224901,NA,12.57036221,0.062163476,8.9,0.7
MD08-3179_G_-ruber,C,1,1,0.705575168,NA,11.61266164,0.039471969,20.3,0.5
MD08-3182_G_-bulloides,C,1,1,0.740959126,NA,12.62401477,0.035806441,8.3,0.4
MD12-3426_G_-menardi-menardi,C,1,1,0.657771051,NA,11.87013185,0.040790801,17.1,0.5
MOCOSED_N_-pachyderma-(s_),C,1,1,0.752916882,NA,13.12273918,0.047408701,2.9,0.5
MD02-2577_G_-menardi-menardi,C,1,1,0.684084497,NA,11.77258624,0.040289451,18.3,0.5
MOCOSED_Cibicides-wuellerstorfi,C,1,1,0.785299724,NA,13.56127072,0.039864085,-1.6,0.4
MOCOSED_Cibicides-wuellerstorfi,C,1,1,0.769514506,NA,13.56127072,0.039864085,-1.6,0.4
MD08-3182_G_-bulloides,C,1,1,0.751587392,NA,12.62401477,0.035806441,8.3,0.4
MD08-3179_G_-inflata_250-315,C,1,1,0.702991409,NA,12.00208992,0.05800104,15.5,0.7
MD08-3179_G_-truncatulinoides-(s_),C,1,1,0.728330193,NA,12.06051448,0.033437557,14.8,0.4
MD00-2360_Orbulina-universa,C,1,1,0.675861908,NA,11.37114358,0.038248017,23.4,0.5
MD02-2577_Orbulina-universa,C,1,1,0.697048799,NA,11.57318968,0.054923535,20.8,0.7
MD02-2577_G_-menardi-menardi,C,1,1,0.678490868,NA,11.77258624,0.040289451,18.3,0.5
MOCOSED_N_-pachyderma-(s_),C,1,1,0.751790425,NA,13.12273918,0.047408701,2.9,0.5
MOCOSED_Cibicides-wuellerstorfi,C,1,1,0.791900127,NA,13.56127072,0.039864085,-1.6,0.4
MD08-3179_G_-inflata_355-400,C,1,1,0.726894155,NA,12.08568424,0.058607319,14.5,0.7
MD08-3182_G_-bulloides,C,1,1,0.727528287,NA,12.62401477,0.035806441,8.3,0.4
MOCOSED_Cibicides-wuellerstorfi,C,1,1,0.770617958,NA,13.56127072,0.039864085,-1.6,0.4
MD08-3179_G_-inflata_400-450,C,1,1,0.706968843,NA,12.04377829,0.058303129,15,0.7
MD08-3179_G_-truncatulinoides-(s_),C,1,1,0.7215289,NA,12.06051448,0.033437557,14.8,0.4
MD00-2360_G_-menardi-menardi,C,1,1,0.657716689,NA,11.76451177,0.024173648,18.4,0.3
MD08-3179_G_-truncatulinoides-(d_),C,1,1,0.705670811,NA,12.04377829,0.033368028,15,0.4
MD02-2577_Orbulina-universa,C,1,1,0.681749143,NA,11.57318968,0.054923535,20.8,0.7
MOCOSED_Cibicides-wuellerstorfi,C,1,1,0.785606273,NA,13.56127072,0.039864085,-1.6,0.4
MD08-3182_G_-bulloides,C,1,1,0.711025684,NA,12.62401477,0.035806441,8.3,0.4
MD08-3179_G_-inflata_355-400,C,1,1,0.713988408,NA,12.08568424,0.058607319,14.5,0.7
MD00-2360_Orbulina-universa,C,1,1,0.679917014,NA,11.37114358,0.038248017,23.4,0.5
MD02-2577_G_-menardi-menardi,C,1,1,0.680097079,NA,11.77258624,0.040289451,18.3,0.5
MD00-2360_G_-menardi-menardi,C,1,1,0.717954051,NA,11.76451177,0.024173648,18.4,0.3
MD02-2577_Orbulina-universa,C,1,1,0.697417712,NA,11.57318968,0.054923535,20.8,0.7
MD00-2360_G_-menardi-menardi,C,1,1,0.697749436,NA,11.76451177,0.024173648,18.4,0.3
MD08-3179_G_-truncatulinoides-(d_),C,1,1,0.703037985,NA,12.04377829,0.033368028,15,0.4
MD08-3179_G_-truncatulinoides-(s_),C,1,1,0.712204531,NA,12.06051448,0.033437557,14.8,0.4
MOCOSED_Cibicides-wuellerstorfi,C,1,1,0.748271886,NA,13.56127072,0.039864085,-1.6,0.4
MD08-3179_G_-inflata_355-400,C,1,1,0.706958481,NA,12.08568424,0.058607319,14.5,0.7
MD08-3179_G_-truncatulinoides-(d_),C,1,1,0.70397734,NA,12.04377829,0.033368028,15,0.4
MD08-3179_G_-truncatulinoides-(d_),C,1,1,0.715336326,NA,12.04377829,0.033368028,15,0.4
MD12-3426_G_-menardi-menardi,C,1,1,0.687948458,NA,11.87013185,0.040790801,17.1,0.5
MD00-2360_G_-menardi-menardi,C,1,1,0.693330927,NA,11.76451177,0.024173648,18.4,0.3
MD08-3179_G_-inflata_400-450,C,1,1,0.709086045,NA,12.04377829,0.058303129,15,0.7
MOCOSED_Cibicides-wuellerstorfi,C,1,1,0.775472698,NA,13.56127072,0.039864085,-1.6,0.4
MOCOSED_N_-pachyderma-(s_),C,1,1,0.742158351,NA,13.12273918,0.047408701,2.9,0.5
MD08-3179_G_-truncatulinoides-(s_),C,1,1,0.728774238,NA,12.06051448,0.033437557,14.8,0.4
MD08-3179_G_-truncatulinoides-(d_),C,1,1,0.700558549,NA,12.04377829,0.033368028,15,0.4
MD00-2360_G_-menardi-menardi,C,1,1,0.680749017,NA,11.76451177,0.024173648,18.4,0.3
MD00-2360_G_-menardi-menardi,C,1,1,0.685602246,NA,11.76451177,0.024173648,18.4,0.3
MD12-3426_G_-menardi-menardi,C,1,1,0.698092765,NA,11.87013185,0.040790801,17.1,0.5
MD02-2577_G_-ruber,C,1,1,0.678047617,NA,11.24188389,0.037598248,25.1,0.5
MD00-2360_G_-menardi-menardi,C,1,1,0.693941154,NA,11.76451177,0.024173648,18.4,0.3
MD08-3179_G_-truncatulinoides-(d_),C,1,1,0.73422508,NA,12.04377829,0.033368028,15,0.4
MD08-3179_G_-truncatulinoides-(d_),C,1,1,0.722957462,NA,12.04377829,0.033368028,15,0.4
MD08-3179_G_-inflata_450-500,C,1,1,0.708003982,NA,12.10250788,0.067084619,14.3,0.8
MD00-2360_G_-menardi-menardi,C,1,1,0.687899037,NA,11.76451177,0.024173648,18.4,0.3
MD12-3401_G_-bulloides,C,1,1,0.750429237,NA,12.86975407,0.046045595,5.6,0.5
MD95-2014_G_-bulloides,C,1,1,0.740879809,NA,12.64197531,0.044829664,8.1,0.5
MOCOSED_Cibicides-wuellerstorfi,C,1,1,0.765273006,NA,13.56127072,0.039864085,-1.6,0.4
MD00-2360_G_-menardi-menardi,C,1,1,0.698842226,NA,11.76451177,0.024173648,18.4,0.3
MD00-2360_Orbulina-universa,C,1,1,0.704701783,NA,11.37114358,0.038248017,23.4,0.5
MD08-3179_G_-truncatulinoides-(d_),C,1,1,0.747211426,NA,12.04377829,0.033368028,15,0.4
MD08-3179_G_-truncatulinoides-(s_),C,1,1,0.750261112,NA,12.06051448,0.033437557,14.8,0.4
MD08-3179_G_-inflata_200-250,C,1,1,0.699231658,NA,11.9029166,0.057284493,16.7,0.7
MD08-3179_G_-ruber,C,1,1,0.711196397,NA,11.61266164,0.039471969,20.3,0.5
MOCOSED_Cibicides-wuellerstorfi,C,1,1,0.799217049,NA,13.56127072,0.039864085,-1.6,0.4
MD08-3182_G_-bulloides,C,1,1,0.736400477,NA,12.62401477,0.035806441,8.3,0.4
MOCOSED_N_-pachyderma-(s_),C,1,1,0.777775297,NA,13.12273918,0.047408701,2.9,0.5
MD95-2014_G_-bulloides,C,1,1,0.72675429,NA,12.64197531,0.044829664,8.1,0.5
MD08-3179_G_-inflata_450-500,C,1,1,0.722314783,NA,12.10250788,0.067084619,14.3,0.8
MD00-2360_G_-menardi-menardi,C,1,1,0.710559454,NA,11.76451177,0.024173648,18.4,0.3
MD12-3426_G_-menardi-menardi,C,1,1,0.714154922,NA,11.87013185,0.040790801,17.1,0.5
MD02-2577_G_-ruber,C,1,1,0.696327709,NA,11.24188389,0.037598248,25.1,0.5
MD12-3401_G_-bulloides,C,1,1,0.743424989,NA,12.86975407,0.046045595,5.6,0.5
MD08-3179_G_-inflata_450-500,C,1,1,0.699396328,NA,12.10250788,0.067084619,14.3,0.8
MD08-3179_G_-ruber,C,1,1,0.72208949,NA,11.61266164,0.039471969,20.3,0.5
MD08-3179_G_-truncatulinoides-(s_),C,1,1,0.723107828,NA,12.06051448,0.033437557,14.8,0.4
MD00-2360_G_-menardi-menardi,C,1,1,0.698757261,NA,11.76451177,0.024173648,18.4,0.3
MD08-3179_G_-truncatulinoides-(d_),C,1,1,0.741042017,NA,12.04377829,0.033368028,15,0.4
MOCOSED_Cibicides-wuellerstorfi,C,1,1,0.767444846,NA,13.56127072,0.039864085,-1.6,0.4
2FPA1_Uvigerina-mediterranea,C,1,1,0.727042401,NA,12.52591259,0.026556698,9.4,0.3
MD08-3179_G_-inflata_200-250,C,1,1,0.729364513,NA,11.9029166,0.057284493,16.7,0.7
2FPA1_Uvigerina-mediterranea,C,1,1,0.740078568,NA,12.52591259,0.026556698,9.4,0.3
MD00-2360_G_-menardi-menardi,C,1,1,0.713028457,NA,11.76451177,0.024173648,18.4,0.3
MD00-2360_Orbulina-universa,C,1,1,0.692700992,NA,11.37114358,0.038248017,23.4,0.5
MD12-3426_Orbulina-universa,C,1,1,0.686185899,NA,11.37881642,0.053547297,23.3,0.7
MD12-3401_G_-bulloides,C,1,1,0.738316111,NA,12.86975407,0.046045595,5.6,0.5
2FPA1_Uvigerina-mediterranea,C,1,1,0.734265763,NA,12.52591259,0.026556698,9.4,0.3
2FPA1_Uvigerina-mediterranea,C,1,1,0.736644661,NA,12.52591259,0.026556698,9.4,0.3
2FPA1_Uvigerina-mediterranea,C,1,1,0.726441682,NA,12.52591259,0.026556698,9.4,0.3
MD08-3182_G_-bulloides,C,1,1,0.737467537,NA,12.62401477,0.035806441,8.3,0.4
MD08-3179_G_-truncatulinoides-(d_),C,1,1,0.706226815,NA,12.04377829,0.033368028,15,0.4
MD08-3179_G_-truncatulinoides-(d_),C,1,1,0.696460107,NA,12.04377829,0.033368028,15,0.4
MD08-3179_G_-truncatulinoides-(s_),C,1,1,0.695449788,NA,12.06051448,0.033437557,14.8,0.4
MD08-3179_G_-inflata_200-250,C,1,1,0.70342832,NA,11.9029166,0.057284493,16.7,0.7
2FPA1_Uvigerina-mediterranea,C,1,1,0.733181794,NA,12.52591259,0.026556698,9.4,0.3
MD12-3401_G_-bulloides,C,1,1,0.731988823,NA,12.86975407,0.046045595,5.6,0.5
MOCOSED_N_-pachyderma-(s_),C,1,1,0.75378435,NA,13.12273918,0.047408701,2.9,0.5
2FPA1_Uvigerina-mediterranea,C,1,1,0.723040792,NA,12.52591259,0.026556698,9.4,0.3
MD08-3179_G_-ruber,C,1,1,0.680873026,NA,11.61266164,0.039471969,20.3,0.5
MD08-3179_G_-truncatulinoides-(d_),C,1,1,0.703938522,NA,12.04377829,0.033368028,15,0.4
2FPA1_Uvigerina-mediterranea,C,1,1,0.741843288,NA,12.52591259,0.026556698,9.4,0.3
MD00-2360_G_-menardi-menardi,C,1,1,0.701125026,NA,11.76451177,0.024173648,18.4,0.3
MD02-2577_G_-ruber,C,1,1,0.655910439,NA,11.24188389,0.037598248,25.1,0.5
2FPA1_Uvigerina-mediterranea,C,1,1,0.71029542,NA,12.52591259,0.026556698,9.4,0.3
MD00-2360_Orbulina-universa,C,1,1,0.688242439,NA,11.37114358,0.038248017,23.4,0.5
2FPA1_Uvigerina-mediterranea,C,1,1,0.731339649,NA,12.52591259,0.026556698,9.4,0.3
MD08-3182_G_-bulloides,C,1,1,0.732914931,NA,12.62401477,0.035806441,8.3,0.4
MD08-3179_G_-inflata_200-250,C,1,1,0.698117509,NA,11.9029166,0.057284493,16.7,0.7
2FPA1_Uvigerina-mediterranea,C,1,1,0.731424552,NA,12.52591259,0.026556698,9.4,0.3
MD08-3179_G_-truncatulinoides-(d_),C,1,1,0.722065305,NA,12.04377829,0.033368028,15,0.4
MD12-3426_Orbulina-universa,C,1,1,0.669918282,NA,11.37881642,0.053547297,23.3,0.7
2FPA1_Uvigerina-mediterranea,C,1,1,0.721567254,NA,12.52591259,0.026556698,9.4,0.3
MD00-2360_Orbulina-universa,C,1,1,0.693049477,NA,11.37114358,0.038248017,23.4,0.5
MD08-3179_G_-truncatulinoides-(s_),C,1,1,0.704308137,NA,12.06051448,0.033437557,14.8,0.4
2FPA1_Uvigerina-mediterranea,C,1,1,0.73777899,NA,12.52591259,0.026556698,9.4,0.3
2FPA1_Uvigerina-mediterranea,C,1,1,0.725153739,NA,12.52591259,0.026556698,9.4,0.3
MD08-3179_G_-truncatulinoides-(d_),C,1,1,0.712487418,NA,12.04377829,0.033368028,15,0.4
2FPA1_Uvigerina-mediterranea,C,1,1,0.725125524,NA,12.52591259,0.026556698,9.4,0.3
MD00-2360_G_-menardi-menardi,C,1,1,0.687859995,NA,11.76451177,0.024173648,18.4,0.3
2FPA1_Uvigerina-mediterranea,C,1,1,0.748257371,NA,12.52591259,0.026556698,9.4,0.3
MD02-2577_G_-ruber,C,1,1,0.685772308,NA,11.24188389,0.037598248,25.1,0.5
2FPA1_Uvigerina-mediterranea,C,1,1,0.732648449,NA,12.52591259,0.026556698,9.4,0.3
2FPA1_Uvigerina-mediterranea,C,1,1,0.732377522,NA,12.52591259,0.026556698,9.4,0.3
2FPA1_Uvigerina-mediterranea,C,1,1,0.745933664,NA,12.52591259,0.026556698,9.4,0.3
2FPA1_Uvigerina-mediterranea,C,1,1,0.761057753,NA,12.52591259,0.026556698,9.4,0.3
2FPA1_Uvigerina-mediterranea,C,1,1,0.730580056,NA,12.52591259,0.026556698,9.4,0.3
MD08-3179_G_-ruber,C,1,1,0.706656826,NA,11.61266164,0.039471969,20.3,0.5
2FPA1_Uvigerina-mediterranea,C,1,1,0.732839815,NA,12.52591259,0.026556698,9.4,0.3
MD12-3426_Orbulina-universa,C,1,1,0.691280967,NA,11.37881642,0.053547297,23.3,0.7
2FPA1_Uvigerina-mediterranea,C,1,1,0.747218984,NA,12.52591259,0.026556698,9.4,0.3
MD08-3179_G_-inflata_400-450,C,1,1,0.714234455,NA,12.04377829,0.058303129,15,0.7
P132,A,1,1,0.7339,0.007841068,11.28725213,0.037825885,24.5,0.5
P8-30,A,1,1,0.7181,0.009455463,11.28725213,0.037825885,24.5,0.5
P132,A,1,1,0.7121,0.011458496,11.28725213,0.037825885,24.5,0.5
P110,A,1,1,0.6706,0.008317647,11.63644183,0.078984614,20,1
P8-30,A,1,1,0.7091,0.009663054,11.28725213,0.037825885,24.5,0.5
P52,A,1,1,0.707,0.010087925,11.28725213,0.037825885,24.5,0.5
P110,A,1,1,0.6926,0.009847485,11.63644183,0.078984614,20,1
P52,A,1,1,0.7101,0.009072378,11.28725213,0.037825885,24.5,0.5
P110,A,1,1,0.7077,0.010831038,11.63644183,0.078984614,20,1
P8-30,A,1,1,0.7207,0.009675226,11.28725213,0.037825885,24.5,0.5
P132,A,1,1,0.7187,0.007895257,11.28725213,0.037825885,24.5,0.5
Mytilus-4,C,1,1,0.766,0.009679597,13.01877838,0.046846952,4,0.5
Mytilus-12,C,1,1,0.7463,0.011611237,12.29853123,0.043016865,12,0.5
Mytilus-15,C,1,1,0.7419,0.009064437,12.04377829,0.041688367,15,0.5
Mytilus-15,C,1,1,0.7266,0.008504765,12.04377829,0.041688367,15,0.5
Mytilus-8,C,1,1,0.7497,0.009314178,12.65096995,0.044877474,8,0.5
Mytilus-4,C,1,1,0.7959,0.008908211,13.01877838,0.046846952,4,0.5
Mytilus-8,C,1,1,0.7557,0.010825626,12.65096995,0.044877474,8,0.5
Mytilus-15,C,1,1,0.7501,0.009861282,12.04377829,0.041688367,15,0.5
Mytilus-8,C,1,1,0.776,0.009275355,12.65096995,0.044877474,8,0.5
Mytilus-4,C,1,1,0.7622,0.00934596,13.01877838,0.046846952,4,0.5
Mytilus-12,C,1,1,0.7848,0.008043126,12.29853123,0.043016865,12,0.5
Mytilus-8,C,1,1,0.74,0.008680861,12.65096995,0.044877474,8,0.5
Mytilus-4,C,1,1,0.7573,0.008888736,13.01877838,0.046846952,4,0.5
Mytilus-15,C,1,1,0.736,0.009987178,12.04377829,0.041688367,15,0.5
P95,A,1,1,0.6914,0.010416262,11.63644183,0.078984614,20,1
P105,A,1,1,0.7072,0.010199608,11.63644183,0.078984614,20,1
P95,A,1,1,0.71,0.010446177,11.63644183,0.078984614,20,1
P95,A,1,1,0.7134,0.011500416,11.63644183,0.078984614,20,1
P105,A,1,1,0.6964,0.009455435,11.63644183,0.078984614,20,1
P105,A,1,1,0.7169,0.010412737,11.63644183,0.078984614,20,1
Mytilus-4,C,1,1,0.7905,0.009520882,13.01877838,0.046846952,4,0.5
Ha-2,A,1,1,0.7612,0.010301109,13.50154048,0.19627637,-1,2
Ha-2,A,1,1,0.7775,0.00992181,13.50154048,0.19627637,-1,2
Ha-3,A,1,1,0.7807,0.009472096,13.50154048,0.19627637,-1,2
Ha-2,A,1,1,0.7758,0.009265424,13.50154048,0.19627637,-1,2
Ha-1,A,1,1,0.7717,0.009880414,13.50154048,0.19627637,-1,2
Ha-3,A,1,1,0.7762,0.011557331,13.50154048,0.19627637,-1,2
Ha-3,A,1,1,0.7533,0.010259745,13.50154048,0.19627637,-1,2
Ha-1,A,1,1,0.7562,0.009559896,13.50154048,0.19627637,-1,2
Mt-2,A,1,1,0.7713,0.010459195,13.50154048,0.19627637,-1,2
Mt-2,A,1,1,0.7456,0.011266036,13.50154048,0.19627637,-1,2
Mt-3,A,1,1,0.7579,0.009661857,13.50154048,0.19627637,-1,2
Mt-1,A,1,1,0.7578,0.009653586,13.50154048,0.19627637,-1,2
Mt-3,A,1,1,0.7586,0.010460343,13.50154048,0.19627637,-1,2
Mt-2,A,1,1,0.7422,0.009824182,13.50154048,0.19627637,-1,2
Mt-1,A,1,1,0.771,0.009493617,13.50154048,0.19627637,-1,2
Mt-1,A,1,1,0.747,0.009636935,13.50154048,0.19627637,-1,2
Mt-3,A,1,1,0.7706,0.009575207,13.50154048,0.19627637,-1,2
Ci-3,C,1,1,0.7737,0.00978431,13.50154048,0.19627637,-1,2
Ci-3,C,1,1,0.7933,0.010970157,13.50154048,0.19627637,-1,2
Ci-3,C,1,1,0.7715,0.010029597,13.50154048,0.19627637,-1,2
Ci-1,C,1,1,0.776,0.009313706,13.50154048,0.19627637,-1,2
Ac-1_B-12,A,1,1,0.7767,0.008203571,13.50154048,0.19627637,-1,2
Ac-1_B-14,A,1,1,0.775,0.009934717,13.20872705,0.189948662,2,2
Ac-1_B-14,A,1,1,0.7708,0.007540663,13.20872705,0.189948662,2,2
Cc-3,A,1,1,0.747,0.010040741,13.20872705,0.189948662,2,2
Cc-1_B-14,A,1,1,0.7265,0.0101966,13.20872705,0.189948662,2,2
Cc-2_B-14,A,1,1,0.7349,0.007854623,13.20872705,0.189948662,2,2
Ab-2,A,1,1,0.7661,0.009599509,13.50154048,0.19627637,-1,2
Ab-1,A,1,1,0.7593,0.008413774,13.50154048,0.19627637,-1,2
Cc-2_B-12,A,1,1,0.74,0.009357038,13.50154048,0.19627637,-1,2
Cc-1_B-12,A,1,1,0.7403,0.010168883,13.50154048,0.19627637,-1,2
Cc-2_B-12,A,1,1,0.8357,0.009874981,13.50154048,0.19627637,-1,2
Ac-2,A,1,1,0.7279,0.010790245,13.20872705,0.189948662,2,2
Ha-1,A,1,1,0.7452,0.01047676,13.50154048,0.19627637,-1,2
Ci-2,C,1,1,0.7482,0.01023209,13.50154048,0.19627637,-1,2
Ci-3,C,1,1,0.7413,0.010026469,13.50154048,0.19627637,-1,2
Mt-2,A,1,1,0.7138,0.009606997,13.50154048,0.19627637,-1,2
Ab-3,A,1,1,0.7091,0.009669499,13.50154048,0.19627637,-1,2
Ci-1,C,1,1,0.748,0.00862474,13.50154048,0.19627637,-1,2
Ci-2,C,1,1,0.7349,0.007877851,13.50154048,0.19627637,-1,2
Ab-2,A,1,1,0.7547,0.011078757,13.50154048,0.19627637,-1,2
Ci-3,C,1,1,0.7582,0.010867067,13.50154048,0.19627637,-1,2
Cc-1_B-14,A,1,1,0.7658,0.00733376,13.20872705,0.189948662,2,2
FGS-1-1,A,1,1,0.6546,0.008411452,11.06311899,0.160148318,27.5,2.2
Ac-2,A,1,1,0.7647,0.00958791,13.20872705,0.189948662,2,2
Cc-3,A,1,1,0.7657,0.008847141,13.20872705,0.189948662,2,2
FGS-1-3,A,1,1,0.6881,0.008280193,11.6523359,0.063381618,19.8,0.8
Pp-3,A,1,1,0.6728,0.008348236,10.91738544,0.213259759,29.5,3
Ac-1_B-14,A,1,1,0.7885,0.009722098,13.20872705,0.189948662,2,2
Ab-3,A,1,1,0.775,0.009551689,13.50154048,0.19627637,-1,2
Cc-1_B-12,A,1,1,0.7426,0.010638742,13.50154048,0.19627637,-1,2
Ac-1_B-12,A,1,1,0.7742,0.010826969,13.50154048,0.19627637,-1,2
Ci-2,C,1,1,0.75,0.009424848,13.50154048,0.19627637,-1,2
Mya-16,A,1,1,0.7156,0.008471902,11.96889488,0.139553823,15.9,1.7
WG061278,A,1,1,0.7076,0.008955217,12.95326343,0.184484216,4.7,2
Mya-8.5,A,1,1,0.6896,0.009821435,12.59714564,0.194445217,8.6,2.2
Pp-3,A,1,1,0.7068,0.008096692,10.91738544,0.213259759,29.5,3
Pp-2,A,1,1,0.6741,0.009145296,10.91738544,0.213259759,29.5,3
Ac-2,A,1,1,0.7569,0.008650968,13.20872705,0.189948662,2,2
Pp-1,A,1,1,0.6853,0.0107509,10.91738544,0.213259759,29.5,3
Ac-1_B-12,A,1,1,0.7702,0.010551807,13.50154048,0.19627637,-1,2
FGS-1-2,A,1,1,0.6959,0.010925423,11.40188158,0.114629449,23,1.5
Cc-1_B-14,A,1,1,0.7636,0.00878688,13.20872705,0.189948662,2,2
Cc-2_B-12,A,1,1,0.9118,0.010213135,13.50154048,0.19627637,-1,2
Pp-3,A,1,1,0.6832,0.010993563,10.91738544,0.213259759,29.5,3
WG061278,A,1,1,0.7293,0.011235213,12.95326343,0.184484216,4.7,2
Ci-1,C,1,1,0.7877,0.009629348,13.50154048,0.19627637,-1,2
Ab-3,A,1,1,0.7625,0.008649657,13.50154048,0.19627637,-1,2
P52,A,1,1,0.7081,0.008591465,11.28725213,0.037825885,24.5,0.5
Mya-3.5,A,1,1,0.722,0.009581912,13.07533048,0.075321279,3.4,0.8
Mya-8.5,A,1,1,0.7317,0.011003202,12.59714564,0.194445217,8.6,2.2
Cc-1_B-12,A,1,1,0.773,0.009248211,13.50154048,0.19627637,-1,2
Pp-2,A,1,1,0.7217,0.009766297,10.91738544,0.213259759,29.5,3
Cc-3,A,1,1,0.7785,0.008995404,13.20872705,0.189948662,2,2
Cc-2_B-14,A,1,1,0.7788,0.008865309,13.20872705,0.189948662,2,2
WG061278,A,1,1,0.7503,0.009770769,12.95326343,0.184484216,4.7,2
Pp-1,A,1,1,0.6863,0.010216512,10.91738544,0.213259759,29.5,3
FGS-1-3,A,1,1,0.7056,0.010102682,11.6523359,0.063381618,19.8,0.8
FGS-1-1,A,1,1,0.6716,0.010017054,11.06311899,0.160148318,27.5,2.2
Ab-2,A,1,1,0.7775,0.009149904,13.50154048,0.19627637,-1,2
FGS-1-2,A,1,1,0.6796,0.010955246,11.40188158,0.114629449,23,1.5
Mya-8.5,A,1,1,0.7179,0.009187173,12.59714564,0.194445217,8.6,2.2
Cc-2_B-14,A,1,1,0.7666,0.010231601,13.20872705,0.189948662,2,2
Mya-16,A,1,1,0.7087,0.009941408,11.96889488,0.139553823,15.9,1.7
Pp-2,A,1,1,0.6973,0.009893869,10.91738544,0.213259759,29.5,3
FGS-1-1,A,1,1,0.6542,0.009031142,11.06311899,0.160148318,27.5,2.2
Pp-1,A,1,1,0.6885,0.009044597,10.91738544,0.213259759,29.5,3
Ab-1,A,1,1,0.7558,0.009249616,13.50154048,0.19627637,-1,2
FGS-1-3,A,1,1,0.6929,0.009081146,11.6523359,0.063381618,19.8,0.8
Mya-3.5,A,1,1,0.7674,0.010771789,13.07533048,0.075321279,3.4,0.8
Mya-16,A,1,1,0.7227,0.011695511,11.96889488,0.139553823,15.9,1.7
Ab-1,A,1,1,0.7886,0.010866621,13.50154048,0.19627637,-1,2
Ha-3,A,1,1,0.7996,0.010739532,13.50154048,0.19627637,-1,2
Ac-1_B-12,A,1,1,0.7756,0.00899257,13.50154048,0.19627637,-1,2
Pp-3,A,1,1,0.7171,0.008801328,10.91738544,0.213259759,29.5,3
Pp-3,A,1,1,0.6925,0.007441857,10.91738544,0.213259759,29.5,3
FGS-1-2,A,1,1,0.69,0.010375757,11.40188158,0.114629449,23,1.5
Ac-1_B-12,A,1,1,0.7707,0.010338559,13.50154048,0.19627637,-1,2
Pp-3,A,1,1,0.683,0.011346896,10.91738544,0.213259759,29.5,3
Ha-3,A,1,1,0.7973,0.011073873,13.50154048,0.19627637,-1,2
Ha-3,A,1,1,0.7878,0.008527,13.50154048,0.19627637,-1,2
Ac-1_B-12,A,1,1,0.7734,0.009565279,13.50154048,0.19627637,-1,2
HMB-3,C,1,1,0.7434,0.010184542,12.42894952,0.087174548,10.5,1
GB4-3,C,1,1,0.791,0.009940058,13.50154048,0.098677108,-1,1
GB3-5,C,1,1,0.7896,0.009967402,13.50154048,0.098677108,-1,1
GB4-3,C,1,1,0.6889,0.009233487,13.50154048,0.098677108,-1,1
HMB-3,C,1,1,0.6717,0.010455527,12.42894952,0.087174548,10.5,1
GB3-5,C,1,1,0.762,0.008117653,13.50154048,0.098677108,-1,1
GB3-5,C,1,1,0.753,0.010576322,13.50154048,0.098677108,-1,1
GB4-3,C,1,1,0.7778,0.009953912,13.50154048,0.098677108,-1,1
Brach-m1,C,1,1,0.7569,0.008265211,12.87899294,0.091943257,5.5,1
RBJ-1-3,C,1,1,0.6811,0.010014429,11.06311899,0.073229115,27.5,1
Brach-m2,C,1,1,0.7352,0.010832019,12.87899294,0.091943257,5.5,1
RBJ-1-3,C,1,1,0.6956,0.011787729,11.06311899,0.073229115,27.5,1
Brach-m1,C,1,1,0.7558,0.01058694,12.87899294,0.091943257,5.5,1
RBJ-1-3,C,1,1,0.679,0.009985705,11.06311899,0.073229115,27.5,1
Brach-m2,C,1,1,0.7588,0.009447022,12.87899294,0.091943257,5.5,1
Brach-m1,C,1,1,0.7489,0.008918055,12.87899294,0.091943257,5.5,1
Brach-m2,C,1,1,0.7867,0.008086776,12.87899294,0.091943257,5.5,1
HPL-1,C,1,1,0.7269,0.009552742,12.09409167,0.041949645,14.4,0.5
HPL-3,C,1,1,0.7046,0.011309927,11.34817158,0.007641866,23.7,0.1
HPL-2,C,1,1,0.6813,0.008595089,11.07785263,0.014733634,27.3,0.2
HPL-3,C,1,1,0.7085,0.010703058,11.34817158,0.007641866,23.7,0.1
HPL-3,C,1,1,0.6883,0.008142245,11.34817158,0.007641866,23.7,0.1
HPL-1,C,1,1,0.724,0.009666205,12.09409167,0.041949645,14.4,0.5
HPL-1,C,1,1,0.7476,0.009867283,12.09409167,0.041949645,14.4,0.5
HPL-2,C,1,1,0.6884,0.009047945,11.07785263,0.014733634,27.3,0.2
Dwyvillei,C,1,1,0.7402,NA,12.47288356,0.08763636,10,1
Ghirsuta,C,1,1,0.7326,NA,12.56145338,0.088569816,9,1
Ghirsuta,C,1,1,0.7449,NA,12.56145338,0.088569816,9,1
Spondylussp,C,1,1,0.6686,NA,10.95354767,0.07214568,29,1
Coldseepcc,C,1,1,0.757,NA,12.56145338,0.008899364,9,0.1
Coldseepcc,C,1,1,0.7646,NA,12.56145338,0.008899364,9,0.1
Dwyvillei,C,1,1,0.7419,NA,12.47288356,0.08763636,10,1
Dwyvillei,C,1,1,0.7429,NA,12.47288356,0.08763636,10,1
Dwyvillei,C,1,1,0.7139,NA,12.47288356,0.08763636,10,1
Spondylussp,C,1,1,0.7098,NA,10.95354767,0.07214568,29,1
Spondylussp,C,1,1,0.6735,NA,10.95354767,0.07214568,29,1
Dwyvillei,C,1,1,0.76,NA,12.47288356,0.08763636,10,1
Spondylussp,C,1,1,0.6907,NA,10.95354767,0.07214568,29,1
Dwyvillei,C,1,1,0.738,NA,12.47288356,0.08763636,10,1
Dwyvillei,C,1,1,0.7627,NA,12.47288356,0.08763636,10,1
Dwyvillei,C,1,1,0.7257,NA,12.47288356,0.08763636,10,1
Dwyvillei,C,1,1,0.7173,NA,12.47288356,0.08763636,10,1
Dwyvillei,C,1,1,0.7377,NA,12.47288356,0.08763636,10,1
Ostricheggshell,C,1,1,0.6436,NA,10.32905023,0.039720714,38,0.6
Spondylussp,C,1,1,0.6509,NA,10.95354767,0.07214568,29,1
Spondylussp,C,1,1,0.6643,NA,10.95354767,0.07214568,29,1
Dwyvillei,C,1,1,0.7528,NA,12.47288356,0.08763636,10,1
Ostricheggshell,C,1,1,0.6997,NA,10.32905023,0.039720714,38,0.6
Dwyvillei,C,1,1,0.7527,NA,12.47288356,0.08763636,10,1
Ostricheggshell,C,1,1,0.6727,NA,10.32905023,0.039720714,38,0.6
Spondylussp,C,1,1,0.6734,NA,10.95354767,0.07214568,29,1
Spondylussp,C,1,1,0.6889,NA,10.95354767,0.07214568,29,1
Gruber,C,1,1,0.7013,NA,11.17434268,0.074334353,26,1
Ostricheggshell,C,1,1,0.6618,NA,10.32905023,0.039720714,38,0.6
Spondylussp,C,1,1,0.7092,NA,10.95354767,0.07214568,29,1
Dwyvillei,C,1,1,0.7129,NA,12.47288356,0.08763636,10,1
Dwyvillei,C,1,1,0.7621,NA,12.47288356,0.08763636,10,1
Dwyvillei,C,1,1,0.7274,NA,12.47288356,0.08763636,10,1
Gruber,C,1,1,0.6724,NA,11.17434268,0.074334353,26,1
Ostricheggshell,C,1,1,0.6916,NA,10.32905023,0.039720714,38,0.6
Ginflata,C,1,1,0.7237,NA,12.12780928,0.084030991,14,1
Ginflata,C,1,1,0.716,NA,12.12780928,0.084030991,14,1
Ostricheggshell,C,1,1,0.6606,NA,10.32905023,0.039720714,38,0.6
Spondylussp,C,1,1,0.6823,NA,10.95354767,0.07214568,29,1
Ostricheggshell,C,1,1,0.6692,NA,10.32905023,0.039720714,38,0.6
Ostricheggshell,C,1,1,0.6409,NA,10.32905023,0.039720714,38,0.6
Ostricheggshell,C,1,1,0.6643,NA,10.32905023,0.039720714,38,0.6
Ostricheggshell,C,1,1,0.679,NA,10.32905023,0.039720714,38,0.6
Ostricheggshell,C,1,1,0.6812,NA,10.32905023,0.039720714,38,0.6
Ostricheggshell,C,1,1,0.7109,NA,10.32905023,0.039720714,38,0.6
Dwyvillei,C,1,1,0.7492,NA,12.47288356,0.08763636,10,1
Ostricheggshell,C,1,1,0.6535,NA,10.32905023,0.039720714,38,0.6
Ostricheggshell,C,1,1,0.6581,NA,10.32905023,0.039720714,38,0.6
Dwyvillei,C,1,1,0.7558,NA,12.47288356,0.08763636,10,1
Dwyvillei,C,1,1,0.7464,NA,12.47288356,0.08763636,10,1
Dwyvillei,C,1,1,0.709,NA,12.47288356,0.08763636,10,1
Dwyvillei,C,1,1,0.7306,NA,12.47288356,0.08763636,10,1
Dwyvillei,C,1,1,0.7549,NA,12.47288356,0.08763636,10,1
Dwyvillei,C,1,1,0.7582,NA,12.47288356,0.08763636,10,1
Dwyvillei,C,1,1,0.7299,NA,12.47288356,0.08763636,10,1
Dwyvillei,C,1,1,0.7406,NA,12.47288356,0.08763636,10,1
Dwyvillei,C,1,1,0.7366,NA,12.47288356,0.08763636,10,1
Dwyvillei,C,1,1,0.7301,NA,12.47288356,0.08763636,10,1
Dwyvillei,C,1,1,0.703,NA,12.47288356,0.08763636,10,1
Coldseepcc,C,1,1,0.7582,NA,12.56145338,0.008899364,9,0.1
Coldseepcc,C,1,1,0.7259,NA,12.56145338,0.008899364,9,0.1
Ostricheggshell,C,1,1,0.6472,NA,10.32905023,0.039720714,38,0.6
Coldseepcc,C,1,1,0.7605,NA,12.56145338,0.008899364,9,0.1
Coldseepcc,C,1,1,0.7399,NA,12.56145338,0.008899364,9,0.1
CIS006-Epacifica,A,1,1,0.7157,0.0111,12.8328978,0.091450967,6,1
CIS006-Epacifica,A,1,1,0.6792,0.0116,12.8328978,0.091450967,6,1
CIS020-Pp,A,1,1,0.6659,0.0182,11.24942624,0.223012995,25,3
CIS006-Epacifica,A,1,1,0.7069,0.0173,12.8328978,0.091450967,6,1
CIS020-Pp,A,1,1,0.6809,0.0189,11.24942624,0.223012995,25,3
CIS004-PDalli,C,1,1,0.7181,0.0209,12.74144683,0.090476879,7,1
CIS004-PDalli,C,1,1,0.7255,0.0186,12.74144683,0.090476879,7,1
CIS020-Pp,A,1,1,0.6774,0.0171,11.24942624,0.223012995,25,3
CIS020-Pp,A,1,1,0.6678,0.0192,11.24942624,0.223012995,25,3
CIS020-Pp,A,1,1,0.6668,0.0182,11.24942624,0.223012995,25,3
CIS006-Epacifica,A,1,1,0.694,0.0194,12.8328978,0.091450967,6,1
CIS004-PDalli,C,1,1,0.7309,0.0193,12.74144683,0.090476879,7,1
CIS022-Calbidus,A,1,1,0.7184,0.021,11.73229679,0.429860872,18.8,5.5
CIS006-Epacifica,A,1,1,0.7488,0.0163,12.8328978,0.091450967,6,1
CIS006-Epacifica,A,1,1,0.7672,0.0206,12.8328978,0.091450967,6,1
CIS004-PDalli,C,1,1,0.745,0.0193,12.74144683,0.090476879,7,1
CIS020-Pp,A,1,1,0.6539,0.014,11.24942624,0.223012995,25,3
CIS004-PDalli,C,1,1,0.7306,0.0154,12.74144683,0.090476879,7,1
CIS023-Pcanal,C,1,1,0.7077,0.0172,12.08568424,0.248201862,14.5,3
CIS022-Calbidus,A,1,1,0.6957,0.0163,11.73229679,0.429860872,18.8,5.5
CIS025-Marenaria,A,1,1,0.7091,0.0152,12.3852472,0.232057091,11,2.7
CIS023-Pcanal,C,1,1,0.7071,0.0193,12.08568424,0.248201862,14.5,3
CIS006-Epacifica,A,1,1,0.7402,0.0176,11.73229679,0.429860872,18.8,5.5
CIS020-Pp,A,1,1,0.6816,0.0204,11.24942624,0.223012995,25,3
CIS025-Marenaria,A,1,1,0.7323,0.0177,12.3852472,0.232057091,11,2.7
Ehux15,C,1,1,0.7252,NA,12.04377829,0.016701372,15,0.2
Ehux25,C,1,1,0.7069,NA,11.24942624,0.015077132,25,0.2
Ehux20,C,1,1,0.707,NA,11.63644183,0.015861565,20,0.2
Ehux7,C,1,1,0.7463,NA,12.74144683,0.018172858,7,0.2
Ehux25,C,1,1,0.7039,NA,11.24942624,0.015077132,25,0.2
Ehux15,C,1,1,0.7159,NA,12.04377829,0.016701372,15,0.2
Ehux20,C,1,1,0.7147,NA,11.63644183,0.015861565,20,0.2
Cpel20,C,1,1,0.719,NA,11.63644183,0.015861565,20,0.2
Ehux20,C,1,1,0.7148,NA,11.63644183,0.015861565,20,0.2
Cpel10,C,1,1,0.7609,NA,12.47288356,0.017601527,10,0.2
Ehux7,C,1,1,0.7532,NA,12.74144683,0.018172858,7,0.2
Clept20,C,1,1,0.704,NA,11.63644183,0.015861565,20,0.2
Ehux10,C,1,1,0.7238,NA,12.47288356,0.017601527,10,0.2
Cpel15,C,1,1,0.7373,NA,12.04377829,0.016701372,15,0.2
Clept15,C,1,1,0.75,NA,12.04377829,0.016701372,15,0.2
Ehux25,C,1,1,0.6911,NA,11.24942624,0.015077132,25,0.2
Cpel20,C,1,1,0.7212,NA,11.63644183,0.015861565,20,0.2
Ehux15,C,1,1,0.7239,NA,12.04377829,0.016701372,15,0.2
Cpel10,C,1,1,0.7543,NA,12.47288356,0.017601527,10,0.2
Ehux20,C,1,1,0.6983,NA,11.63644183,0.015861565,20,0.2
Clept20,C,1,1,0.7266,NA,11.63644183,0.015861565,20,0.2
Cpel10,C,1,1,0.739,NA,12.47288356,0.017601527,10,0.2
Clept15,C,1,1,0.7194,NA,12.04377829,0.016701372,15,0.2
Ehux20,C,1,1,0.7202,NA,11.63644183,0.015861565,20,0.2
Cpel15,C,1,1,0.7286,NA,12.04377829,0.016701372,15,0.2
Clept20,C,1,1,0.7192,NA,11.63644183,0.015861565,20,0.2
Ehux10,C,1,1,0.7435,NA,12.47288356,0.017601527,10,0.2
Cpel20,C,1,1,0.7309,NA,11.63644183,0.015861565,20,0.2
Clept20,C,1,1,0.7229,NA,11.63644183,0.015861565,20,0.2
Cpel15,C,1,1,0.7533,NA,12.04377829,0.016701372,15,0.2
Clept10,C,1,1,0.7461,NA,12.47288356,0.017601527,10,0.2
Clept15,C,1,1,0.7346,NA,12.04377829,0.016701372,15,0.2
Ehux10,C,1,1,0.7588,NA,12.47288356,0.017601527,10,0.2
Clept20,C,1,1,0.7214,NA,11.63644183,0.015861565,20,0.2
Cpel15,C,1,1,0.7423,NA,12.04377829,0.016701372,15,0.2
Clept10,C,1,1,0.7527,NA,12.47288356,0.017601527,10,0.2
Clept10,C,1,1,0.7382,NA,12.47288356,0.017601527,10,0.2
Cpel15,C,1,1,0.7199,NA,12.04377829,0.016701372,15,0.2
Cpel10,C,1,1,0.7435,NA,12.47288356,0.017601527,10,0.2
T86-08B,C,1,1,0.7223,NA,12.04377829,0.407336458,15,5
T86-08B,C,1,1,0.6939,NA,12.04377829,0.407336458,15,5
T86-08B,C,1,1,0.7083,NA,12.04377829,0.407336458,15,5
T86-08B,C,1,1,0.6552,NA,12.04377829,0.407336458,15,5
T86-08B,C,1,1,0.7105,NA,12.04377829,0.407336458,15,5
T86-08B,C,1,1,0.7407,NA,12.04377829,0.407336458,15,5
T86-08B,C,1,1,0.7132,NA,12.04377829,0.407336458,15,5
T86-08B,C,1,1,0.7397,NA,12.04377829,0.407336458,15,5
T86-08B,C,1,1,0.7143,NA,12.04377829,0.407336458,15,5
T86-08B,C,1,1,0.7437,NA,12.04377829,0.407336458,15,5
GCP-1,C,1,1,0.708,NA,11.28725213,0.075461945,24.5,1
GCP-1,C,1,1,0.676,NA,11.28725213,0.075461945,24.5,1
GCP-1,C,1,1,0.7073,NA,11.28725213,0.075461945,24.5,1
GCP-1,C,1,1,0.6656,NA,11.28725213,0.075461945,24.5,1
GCP-1,C,1,1,0.666,NA,11.28725213,0.075461945,24.5,1
GCP-1,C,1,1,0.6644,NA,11.28725213,0.075461945,24.5,1
GCP-1,C,1,1,0.7146,NA,11.28725213,0.075461945,24.5,1
WIND_10B,C,1,1,0.6868,NA,11.40188158,0.375468329,23,5
WIND_10B,C,1,1,0.6969,NA,11.40188158,0.375468329,23,5
WIND_10B,C,1,1,0.6747,NA,11.40188158,0.375468329,23,5
WIND_10B,C,1,1,0.7241,NA,11.40188158,0.375468329,23,5
WIND_10B,C,1,1,0.6999,NA,11.40188158,0.375468329,23,5
WIND_10B,C,1,1,0.6975,NA,11.40188158,0.375468329,23,5
WIND_10B,C,1,1,0.7388,NA,11.40188158,0.375468329,23,5
WIND_10B,C,1,1,0.6977,NA,11.40188158,0.375468329,23,5
WIND_10B,C,1,1,0.7,NA,11.40188158,0.375468329,23,5
MCP-1,C,1,1,0.693,NA,11.74838772,0.159433439,18.6,2
MCP-1,C,1,1,0.7201,NA,11.74838772,0.159433439,18.6,2
MCP-1,C,1,1,0.7028,NA,11.74838772,0.159433439,18.6,2
MCP-1,C,1,1,0.6879,NA,11.74838772,0.159433439,18.6,2
MCP-1,C,1,1,0.6475,NA,11.74838772,0.159433439,18.6,2
SHAK4-3MA,C,1,1,0.6731,NA,11.77258624,0.393769828,18.3,5
SHAK4-3MA,C,1,1,0.703,NA,11.77258624,0.393769828,18.3,5
SHAK4-3MA,C,1,1,0.7124,NA,11.77258624,0.393769828,18.3,5
SHAK4-3MA,C,1,1,0.6809,NA,11.77258624,0.393769828,18.3,5
SHAK4-3MA,C,1,1,0.6495,NA,11.77258624,0.393769828,18.3,5
SHAK4-3MA,C,1,1,0.6547,NA,11.77258624,0.393769828,18.3,5
SHAK4-3MA,C,1,1,0.6931,NA,11.77258624,0.393769828,18.3,5
T90-04B,C,1,1,0.6937,NA,12.29853123,0.420215896,12,5
T90-04B,C,1,1,0.7125,NA,12.29853123,0.420215896,12,5
T90-04B,C,1,1,0.7323,NA,12.29853123,0.420215896,12,5
T90-04B,C,1,1,0.7086,NA,12.29853123,0.420215896,12,5
T90-04B,C,1,1,0.7191,NA,12.29853123,0.420215896,12,5
T90-04B,C,1,1,0.7606,NA,12.29853123,0.420215896,12,5
T90-04B,C,1,1,0.7168,NA,12.29853123,0.420215896,12,5
SHAK7-6ME,C,1,1,0.6862,NA,11.91935993,0.401093786,16.5,5
SHAK7-6ME,C,1,1,0.6882,NA,11.91935993,0.401093786,16.5,5
SHAK7-6ME,C,1,1,0.6651,NA,11.91935993,0.401093786,16.5,5
SHAK7-6ME,C,1,1,0.7255,NA,11.91935993,0.401093786,16.5,5
SHAK7-6ME,C,1,1,0.6921,NA,11.91935993,0.401093786,16.5,5
SHAK7-6ME,C,1,1,0.6824,NA,11.91935993,0.401093786,16.5,5
SHAK7-6ME,C,1,1,0.6796,NA,11.91935993,0.401093786,16.5,5
T86-10B,C,1,1,0.6583,NA,11.77258624,0.393769828,18.3,5
T86-10B,C,1,1,0.702,NA,11.77258624,0.393769828,18.3,5
T86-10B,C,1,1,0.666,NA,11.77258624,0.393769828,18.3,5
T86-10B,C,1,1,0.7227,NA,11.77258624,0.393769828,18.3,5
T86-10B,C,1,1,0.7198,NA,11.77258624,0.393769828,18.3,5
T86-10B,C,1,1,0.6074,NA,11.77258624,0.393769828,18.3,5
T86-10B,C,1,1,0.6986,NA,11.77258624,0.393769828,18.3,5
T86-10B,C,1,1,0.5689,NA,11.77258624,0.393769828,18.3,5
T86-10B,C,1,1,0.7342,NA,11.77258624,0.393769828,18.3,5
T86-10B,C,1,1,0.6881,NA,11.77258624,0.393769828,18.3,5
T86-10B,C,1,1,0.6741,NA,11.77258624,0.393769828,18.3,5
T90-08B,C,1,1,0.6641,NA,12.3852472,0.424629568,11,5
T90-08B,C,1,1,0.6847,NA,12.3852472,0.424629568,11,5
T90-08B,C,1,1,0.7089,NA,12.3852472,0.424629568,11,5
T90-08B,C,1,1,0.7319,NA,12.3852472,0.424629568,11,5
T90-08B,C,1,1,0.7246,NA,12.3852472,0.424629568,11,5
T90-08B,C,1,1,0.6885,NA,12.3852472,0.424629568,11,5
T90-08B,C,1,1,0.6613,NA,12.3852472,0.424629568,11,5
BSP-1,C,1,1,0.7448,NA,12.57036221,0.044449619,8.9,0.5
BSP-1,C,1,1,0.7067,NA,12.57036221,0.044449619,8.9,0.5
BSP-1,C,1,1,0.7449,NA,12.57036221,0.044449619,8.9,0.5
BSP-1,C,1,1,0.6557,NA,12.57036221,0.044449619,8.9,0.5
BSP-1,C,1,1,0.6998,NA,12.57036221,0.044449619,8.9,0.5
T90-03B,C,1,1,0.7119,NA,12.35913636,0.423299003,11.3,5
T90-03B,C,1,1,0.7296,NA,12.35913636,0.423299003,11.3,5
T90-03B,C,1,1,0.7603,NA,12.35913636,0.423299003,11.3,5
T90-03B,C,1,1,0.7387,NA,12.35913636,0.423299003,11.3,5
T90-03B,C,1,1,0.7336,NA,12.35913636,0.423299003,11.3,5
T90-03B,C,1,1,0.7142,NA,12.35913636,0.423299003,11.3,5
T90-03B,C,1,1,0.5878,NA,12.35913636,0.423299003,11.3,5
T90-03B,C,1,1,0.719,NA,12.35913636,0.423299003,11.3,5
MCP-1,C,1,1,0.7193,NA,11.74838772,0.159433439,18.6,2
MCP-1,C,1,1,0.6781,NA,11.74838772,0.159433439,18.6,2
MCP-1,C,1,1,0.6636,NA,11.74838772,0.159433439,18.6,2
MCP-1,C,1,1,0.6529,NA,11.74838772,0.159433439,18.6,2
T88-07B,C,1,1,0.6757,NA,12.29853123,0.420215896,12,5
T88-07B,C,1,1,0.6993,NA,12.29853123,0.420215896,12,5
T88-07B,C,1,1,0.7043,NA,12.29853123,0.420215896,12,5
T88-07B,C,1,1,0.6779,NA,12.29853123,0.420215896,12,5
T88-07B,C,1,1,0.6993,NA,12.29853123,0.420215896,12,5
T88-07B,C,1,1,0.7049,NA,12.29853123,0.420215896,12,5
T88-07B,C,1,1,0.6638,NA,12.29853123,0.420215896,12,5
T88-07B,C,1,1,0.6808,NA,12.29853123,0.420215896,12,5
DSP-1,C,1,1,0.7091,NA,13.09426308,0.075484696,3.2,0.8
DSP-1,C,1,1,0.7495,NA,13.09426308,0.075484696,3.2,0.8
DSP-1,C,1,1,0.736,NA,13.09426308,0.075484696,3.2,0.8
BSP-1,C,1,1,0.6924,NA,12.57036221,0.044449619,8.9,0.5
BSP-1,C,1,1,0.7155,NA,12.57036221,0.044449619,8.9,0.5
BSP-1,C,1,1,0.7291,NA,12.57036221,0.044449619,8.9,0.5
BSP-1,C,1,1,0.7024,NA,12.57036221,0.044449619,8.9,0.5
BSP-1,C,1,1,0.7436,NA,12.57036221,0.044449619,8.9,0.5
BSP-1,C,1,1,0.6928,NA,12.57036221,0.044449619,8.9,0.5
BSP-1,C,1,1,0.6756,NA,12.57036221,0.044449619,8.9,0.5
MCP-1,C,1,1,0.6628,NA,11.74838772,0.159433439,18.6,2
MCP-1,C,1,1,0.6266,NA,11.74838772,0.159433439,18.6,2
MCP-1,C,1,1,0.6876,NA,11.74838772,0.159433439,18.6,2
MCP-1,C,1,1,0.689,NA,11.74838772,0.159433439,18.6,2
MCP-1,C,1,1,0.7489,NA,11.74838772,0.159433439,18.6,2
MCP-1,C,1,1,0.6656,NA,11.74838772,0.159433439,18.6,2
OWB-1,C,1,1,0.7354,NA,12.55255401,0.088475876,9.1,1
OWB-1,C,1,1,0.7606,NA,12.55255401,0.088475876,9.1,1
OWB-1,C,1,1,0.7299,NA,12.55255401,0.088475876,9.1,1
OWB-1,C,1,1,0.7719,NA,12.55255401,0.088475876,9.1,1
OWB-1,C,1,1,0.7681,NA,12.55255401,0.088475876,9.1,1
DSP-1,C,1,1,0.7387,NA,13.09426308,0.075484696,3.2,0.8
DSP-1,C,1,1,0.7447,NA,13.09426308,0.075484696,3.2,0.8
DSP-1,C,1,1,0.7598,NA,13.09426308,0.075484696,3.2,0.8
MCP-1,C,1,1,0.7309,NA,11.74838772,0.159433439,18.6,2
MCP-1,C,1,1,0.637,NA,11.74838772,0.159433439,18.6,2
MCP-1,C,1,1,0.7113,NA,11.74838772,0.159433439,18.6,2
MCP-1,C,1,1,0.629,NA,11.74838772,0.159433439,18.6,2
MCP-1,C,1,1,0.7043,NA,11.74838772,0.159433439,18.6,2
MCP-1,C,1,1,0.6974,NA,11.74838772,0.159433439,18.6,2
MCP-1,C,1,1,0.6902,NA,11.74838772,0.159433439,18.6,2
BOFS30K,C,1,1,0.7284,NA,11.93583735,0.401918738,16.3,5
BOFS30K,C,1,1,0.6391,NA,11.93583735,0.401918738,16.3,5
BOFS30K,C,1,1,0.6545,NA,11.93583735,0.401918738,16.3,5
BOFS30K,C,1,1,0.6553,NA,11.93583735,0.401918738,16.3,5
BOFS30K,C,1,1,0.7018,NA,11.93583735,0.401918738,16.3,5
BOFS30K,C,1,1,0.7004,NA,11.93583735,0.401918738,16.3,5
BOFS30K,C,1,1,0.6642,NA,11.63644183,0.387015589,20,5
BOFS30K,C,1,1,0.6425,NA,11.63644183,0.387015589,20,5
BOFS30K,C,1,1,0.6902,NA,11.63644183,0.387015589,20,5
BOFS30K,C,1,1,0.6356,NA,11.63644183,0.387015589,20,5
BOFS30K,C,1,1,0.6914,NA,11.93583735,0.401918738,16.3,5
BOFS30K,C,1,1,0.7261,NA,11.93583735,0.401918738,16.3,5
BOFS30K,C,1,1,0.7616,NA,11.93583735,0.401918738,16.3,5
BOFS30K,C,1,1,0.6765,NA,11.93583735,0.401918738,16.3,5
BOFS30K,C,1,1,0.7558,NA,11.93583735,0.401918738,16.3,5
BOFS30K,C,1,1,0.6936,NA,11.63644183,0.387015589,20,5
BOFS30K,C,1,1,0.7242,NA,11.63644183,0.387015589,20,5
BOFS30K,C,1,1,0.7222,NA,11.63644183,0.387015589,20,5
DSP-1,C,1,1,0.8095,NA,13.09426308,0.075484696,3.2,0.8
DSP-1,C,1,1,0.7939,NA,13.09426308,0.075484696,3.2,0.8
DSP-1,C,1,1,0.7834,NA,13.09426308,0.075484696,3.2,0.8
DSP-1,C,1,1,0.7746,NA,13.09426308,0.075484696,3.2,0.8
BSP-1,C,1,1,0.7676,NA,12.57036221,0.044449619,8.9,0.5
BSP-1,C,1,1,0.7304,NA,12.57036221,0.044449619,8.9,0.5
BSP-1,C,1,1,0.702,NA,12.57036221,0.044449619,8.9,0.5
BSP-1,C,1,1,0.7096,NA,12.57036221,0.044449619,8.9,0.5
BOFS30K,C,1,1,0.7116,NA,11.93583735,0.401918738,16.3,5
BOFS30K,C,1,1,0.6804,NA,11.93583735,0.401918738,16.3,5
BOFS30K,C,1,1,0.7369,NA,11.93583735,0.401918738,16.3,5
BOFS30K,C,1,1,0.7367,NA,11.93583735,0.401918738,16.3,5
BOFS30K,C,1,1,0.6902,NA,11.93583735,0.401918738,16.3,5
BOFS30K,C,1,1,0.6394,NA,11.93583735,0.401918738,16.3,5
BOFS30K,C,1,1,0.6563,NA,11.93583735,0.401918738,16.3,5
OWB-1,C,1,1,0.6995,NA,12.55255401,0.088475876,9.1,1
OWB-1,C,1,1,0.6999,NA,12.55255401,0.088475876,9.1,1
OWB-1,C,1,1,0.7095,NA,12.55255401,0.088475876,9.1,1
OWB-1,C,1,1,0.712,NA,12.55255401,0.088475876,9.1,1
MD77191,C,1,1,0.6866,NA,11.87831533,0.39904126,17,5
MD77191,C,1,1,0.712,NA,11.87831533,0.39904126,17,5
MD77191,C,1,1,0.6464,NA,11.87831533,0.39904126,17,5
MD77191,C,1,1,0.7191,NA,11.87831533,0.39904126,17,5
MD77191,C,1,1,0.6865,NA,11.87831533,0.39904126,17,5
IODP1436,C,1,1,0.7063,NA,11.74838772,0.392566546,18.6,5
IODP1436,C,1,1,0.6597,NA,11.74838772,0.392566546,18.6,5
IODP1436,C,1,1,0.7072,NA,11.74838772,0.392566546,18.6,5
IODP1436,C,1,1,0.6807,NA,11.74838772,0.392566546,18.6,5
IODP1436,C,1,1,0.6526,NA,11.74838772,0.392566546,18.6,5
BSP-1,C,1,1,0.7192,NA,12.57036221,0.044449619,8.9,0.5
BSP-1,C,1,1,0.6779,NA,12.57036221,0.044449619,8.9,0.5
BSP-1,C,1,1,0.7371,NA,12.57036221,0.044449619,8.9,0.5
BSP-1,C,1,1,0.691,NA,12.57036221,0.044449619,8.9,0.5
BSP-1,C,1,1,0.6817,NA,12.57036221,0.044449619,8.9,0.5
T90-01B,C,1,1,0.7097,NA,12.32445015,0.421533549,11.7,5
T90-01B,C,1,1,0.7035,NA,12.32445015,0.421533549,11.7,5
T90-01B,C,1,1,0.688,NA,12.32445015,0.421533549,11.7,5
T90-01B,C,1,1,0.6475,NA,12.32445015,0.421533549,11.7,5
T90-01B,C,1,1,0.7119,NA,12.32445015,0.421533549,11.7,5
T88-07B,C,1,1,0.7266,NA,12.29853123,0.420215896,12,5
T88-07B,C,1,1,0.6979,NA,12.29853123,0.420215896,12,5
T88-07B,C,1,1,0.7153,NA,12.29853123,0.420215896,12,5
T88-07B,C,1,1,0.6896,NA,12.29853123,0.420215896,12,5
T88-07B,C,1,1,0.6955,NA,12.29853123,0.420215896,12,5
MD77191,C,1,1,0.6945,NA,11.87831533,0.39904126,17,5
MD77191,C,1,1,0.7221,NA,11.87831533,0.39904126,17,5
MD77191,C,1,1,0.7027,NA,11.87831533,0.39904126,17,5
MD77191,C,1,1,0.699,NA,11.87831533,0.39904126,17,5
IODP1436,C,1,1,0.6935,NA,11.74838772,0.392566546,18.6,5
IODP1436,C,1,1,0.7407,NA,11.74838772,0.392566546,18.6,5
IODP1436,C,1,1,0.7121,NA,11.74838772,0.392566546,18.6,5
IODP1436,C,1,1,0.6559,NA,11.74838772,0.392566546,18.6,5
IODP1436,C,1,1,0.6763,NA,11.74838772,0.392566546,18.6,5
GCP-1,C,1,1,0.6618,NA,11.28725213,0.075461945,24.5,1
GCP-1,C,1,1,0.6007,NA,11.28725213,0.075461945,24.5,1
GCP-1,C,1,1,0.6477,NA,11.28725213,0.075461945,24.5,1
GCP-1,C,1,1,0.6348,NA,11.28725213,0.075461945,24.5,1
GCP-1,C,1,1,0.7131,NA,11.28725213,0.075461945,24.5,1
MD012414,C,1,1,0.687,NA,13.16085203,0.464764532,2.5,5
MD012414,C,1,1,0.7199,NA,13.16085203,0.464764532,2.5,5
GCP-1,C,1,1,0.6469,NA,11.28725213,0.075461945,24.5,1
GCP-1,C,1,1,0.5948,NA,11.28725213,0.075461945,24.5,1
GCP-1,C,1,1,0.6973,NA,11.28725213,0.075461945,24.5,1
GCP-1,C,1,1,0.6667,NA,11.28725213,0.075461945,24.5,1
GCP-1,C,1,1,0.631,NA,11.28725213,0.075461945,24.5,1
LOMROG_2009_PC-09,C,1,1,0.7178,NA,13.52140663,0.483818388,-1.2,5
LOMROG_2009_PC-09,C,1,1,0.7511,NA,13.52140663,0.483818388,-1.2,5
LOMROG_2009_PC-09,C,1,1,0.7655,NA,13.52140663,0.483818388,-1.2,5
LOMROG_2009_PC-09,C,1,1,0.7327,NA,13.52140663,0.483818388,-1.2,5
LOMROG_2009_PC-09,C,1,1,0.7098,NA,13.52140663,0.483818388,-1.2,5
LOMROG_2009_PC-09,C,1,1,0.7274,NA,13.52140663,0.483818388,-1.2,5
LOMROG_2009_PC-09,C,1,1,0.7606,NA,13.52140663,0.483818388,-1.2,5
T90-01B,C,1,1,0.6757,NA,12.32445015,0.421533549,11.7,5
T90-01B,C,1,1,0.7165,NA,12.32445015,0.421533549,11.7,5
T90-01B,C,1,1,0.7,NA,12.32445015,0.421533549,11.7,5
T90-01B,C,1,1,0.7084,NA,12.32445015,0.421533549,11.7,5
LOMROG_2009_PC-09,C,1,1,0.8008,NA,13.52140663,0.483818388,-1.2,5
LOMROG_2009_PC-09,C,1,1,0.7595,NA,13.52140663,0.483818388,-1.2,5
LOMROG_2009_PC-09,C,1,1,0.7432,NA,13.52140663,0.483818388,-1.2,5
LOMROG_2009_PC-09,C,1,1,0.7643,NA,13.52140663,0.483818388,-1.2,5
LOMROG_2009_PC-09,C,1,1,0.7887,NA,13.52140663,0.483818388,-1.2,5
T88-07B,C,1,1,0.6935,NA,12.29853123,0.420215896,12,5
T88-07B,C,1,1,0.7058,NA,12.29853123,0.420215896,12,5
T88-07B,C,1,1,0.7222,NA,12.29853123,0.420215896,12,5
T88-07B,C,1,1,0.6926,NA,12.29853123,0.420215896,12,5
OWB-1,C,1,1,0.6903,NA,12.55255401,0.088475876,9.1,1
OWB-1,C,1,1,0.6892,NA,12.55255401,0.088475876,9.1,1
OWB-1,C,1,1,0.6677,NA,12.55255401,0.088475876,9.1,1
OWB-1,C,1,1,0.6691,NA,12.55255401,0.088475876,9.1,1
OWB-1,C,1,1,0.7377,NA,12.55255401,0.088475876,9.1,1
MD012414,C,1,1,0.7504,NA,13.16085203,0.464764532,2.5,5
MD012414,C,1,1,0.7804,NA,13.16085203,0.464764532,2.5,5
MD012414,C,1,1,0.7413,NA,13.16085203,0.464764532,2.5,5
MD012414,C,1,1,0.7618,NA,13.16085203,0.464764532,2.5,5
MD012414,C,1,1,0.7312,NA,13.16085203,0.464764532,2.5,5
GCP-1,C,1,1,0.64,NA,11.28725213,0.075461945,24.5,1
GCP-1,C,1,1,0.6101,NA,11.28725213,0.075461945,24.5,1
GCP-1,C,1,1,0.6029,NA,11.28725213,0.075461945,24.5,1
GCP-1,C,1,1,0.6173,NA,11.28725213,0.075461945,24.5,1
NAICA1,A,1,1,0.6323,NA,9.75647616,0.090785575,47,1.5
NAICA1,A,1,1,0.5416,NA,9.75647616,0.090785575,47,1.5
NAICA1,A,1,1,0.57,NA,9.75647616,0.090785575,47,1.5
NAICA1,A,1,1,0.5996,NA,9.75647616,0.090785575,47,1.5
NAICA1,A,1,1,0.5974,NA,9.75647616,0.090785575,47,1.5
NAICA1,A,1,1,0.6499,NA,9.75647616,0.090785575,47,1.5
NAICA1,A,1,1,0.669,NA,9.75647616,0.090785575,47,1.5
NAICA1,A,1,1,0.6014,NA,9.75647616,0.090785575,47,1.5
NAICA1,A,1,1,0.618,NA,9.75647616,0.090785575,47,1.5
NAICA1,A,1,1,0.6168,NA,9.75647616,0.090785575,47,1.5
NAICA1,A,1,1,0.6197,NA,9.75647616,0.090785575,47,1.5
NAICA1,A,1,1,0.6442,NA,9.75647616,0.090785575,47,1.5
NAICA1,A,1,1,0.6635,NA,9.75647616,0.090785575,47,1.5
NAICA1,A,1,1,0.6442,NA,9.75647616,0.090785575,47,1.5
DSP-1,C,1,1,0.7319,NA,13.09426308,0.075484696,3.2,0.8
OWB-1,C,1,1,0.7663,NA,12.55255401,0.088475876,9.1,1
OWB-1,C,1,1,0.7844,NA,12.55255401,0.088475876,9.1,1
OWB-1,C,1,1,0.7753,NA,12.55255401,0.088475876,9.1,1
OWB-1,C,1,1,0.7956,NA,12.55255401,0.088475876,9.1,1
OWB-1,C,1,1,0.7509,NA,12.55255401,0.088475876,9.1,1
OWB-1,C,1,1,0.7324,NA,12.55255401,0.088475876,9.1,1
OWB-1,C,1,1,0.702,NA,12.55255401,0.088475876,9.1,1
NAICA1,A,1,1,0.5729,NA,9.75647616,0.090785575,47,1.5
NAICA1,A,1,1,0.6251,NA,9.75647616,0.090785575,47,1.5
NAICA1,A,1,1,0.584,NA,9.75647616,0.090785575,47,1.5